idempresa,olat,olon,n_obs,sd_km
1376,-34.658476,-58.529443,270,0
10677,-41.60707,-65.35383,294,0
8943,-44.050662,-70.583041,533,0
11024,-34.47597,-58.66318,212,0
9764,-35.425,-60.16962,308,0
1284,-33.67954,-65.46988,833,0
9935,-34.557095,-59.035694,442,0
9405,-34.561286,-58.588248,1083,0
10832,-45.864581,-67.479646,156,0
7544,-34.94349,-57.991692,252,0
2530,-33.46387,-61.49651,366,0
6661,-30.8185,-58.04425,550,0
9854,-34.492969,-58.498379,122,0
2842,-34.934754,-57.930919,700,0
6952,-39.01556,-67.83639,364,0
2359,-34.883186,-57.992644,1226,0
2306,-27.46301,-58.97305,705,0
6113,-32.48409,-58.23017,735,0
1382,-34.58127,-58.57441,130,0
7629,-34.74571,-58.41872,741,0
1589,-34.74712,-58.41938,853,0
3728,-27.79833,-64.27723,1100,0
7953,-31.57865,-60.93658,497,0
8734,-33.299019,-68.020498,292,0
11075,-37.84097,-58.24857,136,0
348,-34.533377,-58.557665,16,0
1195,-36.86558,-57.88169,738,0
6197,-32.901743,-68.696964,60,0
2261,-32.907388,-68.790615,555,0
2263,-32.936618,-68.780501,492,0
2266,-32.981213,-68.789433,486,0
7154,-33.14327,-68.48874,826,0
7157,-33.05244,-68.53621,709,0
5077,-36.89319,-60.31954,734,0
2913,-35.05109,-58.75846,735,0
2910,-34.9998,-58.69938,739,0
1185,-32.76575,-60.74394,869,0
9031,-28.494399,-65.780285,669,0
1428,-33.28113,-63.97718,729,0
6848,-32.621279,-69.348342,16,0
10549,-34.74335,-58.43025,563,0
4861,-24.7871,-65.41646,488,0
2638,-32.81399,-63.87937,743,0
4162,-32.81272,-63.87721,261,0
8952,-31.641336,-63.35416,1150,0
3471,-28.84237,-59.50075,626,0
10243,-24.730568,-65.412224,58,0
11041,-31.40009,-64.17335,70,0
9919,-31.405183,-64.193688,328,0
11030,-31.41158,-64.17542,96,0
11139,-33.00454,-68.64543,246,0
699,-27.61131,-55.32677,713,0
9153,-27.399512,-55.943303,666,0
702,-27.39534,-55.91241,713,0
706,-27.37801,-55.57585,713,0
10053,-27.447562,-55.852582,344,0
701,-27.61489,-55.31413,713,0
5893,-34.80892,-58.3883,854,0
1572,-34.80916,-58.38886,845,0
4324,-26.83588,-65.24645,130,0
5141,-33.372033,-61.173275,145,0
6162,-34.739545,-58.496497,6,0
5911,-28.7584,-59.0117,602,0
7079,-31.43237,-64.24583,1066,0
2461,-35.64414,-59.77326,743,0
2457,-35.6913,-59.78962,742,0
2465,-35.645456,-59.78616,8,0
2444,-35.27361,-59.77315,744,0
8515,-27.573709,-60.722588,1212,0
723,-34.66918,-58.66367,765,0
6499,-34.631909,-68.318004,904,0
6978,-36.86633,-60.16698,741,0
4983,-33.51851,-60.61109,22,0
4970,-32.461856,-60.888111,10,0
4967,-32.461856,-60.888111,36,0
5031,-32.96021,-61.55083,282,0
4890,-33.722488,-62.252236,6,0
8939,-33.146556,-61.281567,22,0
5030,-32.480764,-61.567777,2,0
7211,-33.04862,-61.14762,484,0
5072,-33.462995,-61.486016,4,0
5003,-32.606886,-60.95351,2,0
7425,-33.602278,-61.606323,2,0
4976,-34.178714,-60.725064,4,0
5101,-33.090043,-61.78566,2,0
5067,-32.82304,-61.381786,2,0
4982,-33.496324,-60.513611,342,0
7470,-27.235338,-61.193739,2,0
8001,-32.58527,-61.1693,174,0
5143,-33.016,-61.04831,484,0
5043,-31.76615,-61.81218,4,0
6840,-33.433971,-60.772901,2,0
8938,-33.239488,-60.81543,40,0
5150,-33.16864,-61.08207,176,0
8918,-32.669536,-61.09252,382,0
5018,-31.396004,-61.081524,2,0
5033,-32.684372,-62.119547,2,0
10187,-33.14235,-61.46716,342,0
7862,-33.102884,-60.966188,668,0
5085,-32.565496,-61.775051,576,0
8917,-32.47662,-61.57657,796,0
5102,-33.138499,-61.609225,2,0
5133,-33.03836,-61.18034,50,0
4956,-32.05963,-61.59808,4,0
8868,-32.087023,-61.571379,8,0
4957,-32.748753,-61.817485,8,0
4887,-32.598128,-61.175218,100,0
2059,-32.860514,-68.859018,264,0
2057,-32.909198,-68.838428,453,0
3105,-31.39034,-64.1123,480,0
5637,-35.48828,-62.97843,726,0
8106,-31.376581,-64.206535,226,0
8653,-34.706762,-58.496524,790,0
7775,-37.06082,-61.93658,56,0
10895,-33.68751,-59.6731,274,0
7781,-34.765179,-58.198365,169,0
10768,-33.06829,-61.18519,316,0
7015,-33.62627,-64.60398,106,0
7073,-36.64361,-64.27722,953,0
8708,-36.41875,-63.43196,928,0
6111,-36.62007,-64.2936,802,0
109,-35.3903,-57.33949,733,0
110,-35.27978,-57.57332,733,0
4123,-35.54513,-63.37893,734,0
4474,-35.39315,-62.42992,742,0
6643,-33.3439,-63.72065,188,0
6662,-30.761698,-58.010036,256,0
6660,-31.3910562278845,-58.0172214426613,570,0
10711,-30.761698,-58.010036,212,0
5938,-35.53098,-57.32367,60,0
7855,-34.01248,-63.92054,533,0
2311,-35.271991,-59.78814,934,0
10802,-36.21128,-61.15252,170,0
8492,-27.682159,-60.889634,867,0
6234,-34.88935,-60.02831,848,0
1972,-37.60218,-62.40739,467,0
8381,-28.630666,-61.523738,629,0
9899,-34.20793,-61.35943,396,0
6535,-37.1698,-62.75212,734,0
2765,-34.70508,-58.3357,913,0
6784,-33.64798,-69.15418,126,0
8234,-43.28809,-65.26575,740,0
5538,-32.168761,-61.159086,8,0
2454,-32.17027,-64.12785,730,0
4535,-32.1724,-64.2432,740,0
5113,-32.68343,-61.52578,320,0
10024,-40.82645,-65.34644,434,0
2863,-34.680477,-58.615864,1140,0
2546,-31.39653,-64.2458,751,0
7461,-29.31821,-68.227107,12,0
7960,-32.15119,-61.97718,659,0
5091,-35.392208,-59.338859,177,0
6270,-34.630529,-58.459995,1020,0
2013,-34.4528,-61.84073,384,0
2230,-34.65023,-58.50073,834,0
4421,-32.69018,-61.52305,725,0
831,-33.316667,-62.035824,740,0
10560,-33.144434,-61.475456,340,0
10165,-32.9178,-62.4589,392,0
10829,-34.26688,-62.7015,240,0
985,-33.19211,-68.46315,718,0
468,-31.65878,-64.42772,885,0
8682,-31.38894,-64.2308,1126,0
7329,-31.72663,-61.09163,2152,0
3253,-34.52183,-58.56324,741,0
3074,-33.08428,-68.47195,725,0
7474,-32.94023,-68.84748,639,0
6926,-34.37769,-59.82716,196,0
4128,-32.69854,-63.70913,745,0
9660,-34.934723,-58.006021,10,0
1423,-31.449224,-64.168565,1138,0
6708,-31.464846,-64.186904,1172,0
1975,-26.51207,-61.17216,745,0
2243,-26.60249,-60.95301,78,0
1138,-34.52487,-63.94413,737,0
3612,-32.44274,-63.71377,16,0
2738,-34.53745,-58.70726,636,0
6196,-34.56112,-58.6878,464,0
6593,-34.63932,-58.454156,460,0
1530,-38.68707,-62.33873,727,0
5629,-33.73092,-60.17386,95,0
1143,-34.66016,-58.614527,1246,0
811,-34.631825,-58.39878,113,0
2422,-34.77764,-58.22217,24,0
8890,-34.77764,-58.22217,797,0
623,-34.69863,-58.57706,1016,0
1446,-34.57116,-58.74387,793,0
7400,-34.51359,-58.74021,1324,0
1248,-34.463893,-58.744446,1377,0
6977,-34.52825,-58.77212,989,0
176,-33.05051,-68.56452,714,0
6177,-33.08622,-68.46531,741,0
179,-33.33967,-67.90993,810,0
183,-33.00112,-68.75743,699,0
1520,-51.57546,-72.21239,698,0
1508,-51.53922,-72.33893,1539,0
3512,-34.6262,-58.44893,614,0
10634,-37.677135,-59.802766,34,0
1469,-37.99948,-57.59845,820,0
271,-33.00897,-68.65004,70,0
7831,-33.8127,-59.50788,102,0
5931,-37.327133,-59.114723,751,0
5930,-37.31346,-59.144624,753,0
3238,-34.669528,-58.41579,119,0
7142,-31.64516,-64.43349,1555,0
472,-31.651071,-64.407949,1433,0
473,-31.660043,-64.409964,122,0
471,-31.668229,-64.410139,1556,0
2827,-31.43132,-64.223523,118,0
8648,-33.09994,-68.56855,344,0
252,-34.663585,-58.522247,76,0
4752,-28.47694,-65.79354,703,0
9011,-28.468933,-65.768988,68,0
7725,-31.431213,-64.497495,1412,0
8089,-31.4349,-64.19531,1463,0
9593,-31.635516,-64.434677,1220,0
8286,-31.983472,-64.551385,1510,0
10531,-32.067233,-64.52952,334,0
2872,-38.898859,-70.063859,384,0
10234,-38.879933,-71.186505,18,0
5615,-31.35017,-59.44469,406,0
6507,-34.58704,-58.5263,328,0
4856,-32.77421,-61.60551,708,0
3220,-34.632822,-58.520051,4,0
9937,-26.80341,-65.20424,513,0
8301,-26.747041,-65.21769,140,0
8113,-26.747041,-65.21769,620,0
10426,-33.657144,-59.87083,364,0
9807,-38.68556,-62.22917,40,0
3930,-34.6462,-58.622454,1037,0
7524,-34.57605,-58.5475,60,0
3448,-32.934305,-60.652178,34,0
5804,-34.73422,-58.519629,863,0
6269,-24.676583,-65.049105,100,0
1000,-34.58596,-60.95085,813,0
10975,-37.31345,-59.11282,110,0
7311,-38.95919,-68.07009,14,0
7007,-38.96009,-68.03979,14,0
11027,-32.89659,-68.80982,72,0
3450,-24.77095,-65.397606,1064,0
283,-34.55031,-58.470947,121,0
2802,-34.670678,-58.390921,22,0
7612,-40.10394,-64.47351,314,0
4006,-33.19083,-68.46674,400,0
9066,-27.774863,-64.271179,12,0
7424,-31.42216,-64.18994,783,0
9505,-31.459075,-64.186873,586,0
9630,-34.923553,-58.380809,520,0
9894,-34.73654,-58.39794,102,0
2365,-32.43005,-63.73131,725,0
650,-31.6473149683463,-60.7152007045213,423,0
2881,-33.19527,-68.4616,331,0
906,-38.6897,-59.7811,264,0
902,-38.693698,-62.322495,432,0
2487,-32.926947,-68.822661,146,0
5660,-35.11834,-60.48223,26,0
10612,-32.904624,-60.913002,564,0
570,-41.61276,-65.353525,884,0
8471,-32.923872,-60.9118,774,0
9455,-34.64713,-58.50761,878,0
3369,-34.66875,-58.56077,750,0
3035,-32.628856,-62.693546,781,0
7576,-24.209916,-65.280346,353,0
2280,-28.3551,-59.2635,733,0
7946,-35.57714,-58.00805,544,0
6990,-36.88167,-60.3275,997,0
8744,-38.819567,-68.135349,744,0
682,-38.95743,-68.15193,740,0
2873,-51.61582,-69.22837,724,0
5066,-34.7581,-60.83435,823,0
5065,-34.58275,-60.93537,1315,0
5398,-26.15675,-58.18625,733,0
8249,-33.806534,-61.337443,8,0
2226,-34.7213790417198,-63.5061008511734,737,0
9494,-31.592069,-60.711769,106,0
7304,-27.19432,-59.28855,791,0
240,-34.84565,-62.46596,742,0
7702,-31.459007,-64.214868,1386,0
10871,-34.482588,-58.490708,713,0
10999,-34.4741213741992,-58.5018963924319,472,0
11009,-31.349342,-64.33693,486,0
9720,-31.34642,-64.283146,1101,0
8370,-31.44185,-64.17681,1357,0
10747,-34.489862,-58.524312,823,0
10870,-34.49434,-58.55147,752,0
6502,-31.381568,-64.175702,1356,0
9513,-31.351742,-64.147523,1196,0
10412,-31.347436,-64.147987,868,0
10748,-27.658609,-62.430501,745,0
6537,-28.6344,-65.13334,574,0
7107,-34.657161,-58.562702,252,0
4184,-30.2114,-64.49258,481,0
305,-31.9570549904004,-60.1243298551559,739,0
9027,-31.254309,-61.48089,968,0
4631,-34.654019,-58.411213,191,0
10898,-34.386956,-58.830135,298,0
4514,-34.386956,-58.830135,908,0
6567,-34.35202,-58.80401,927,0
7873,-44.796742,-65.716348,463,0
7397,-34.596642,-58.497166,24,0
7514,-34.627491,-58.490212,24,0
523,-34.673961,-58.501216,278,0
1579,-34.861076,-58.663594,656,0
10179,-34.74593,-58.33087,238,0
753,-31.94762,-65.17489,476,0
9831,-31.94762,-65.17489,526,0
10744,-31.94762,-65.17489,8,0
931,-26.013431,-54.613652,729,0
11037,-30.990816,-64.097928,410,0
6893,-38.76858,-62.26708,42,0
2158,-34.598087,-58.4275,124,0
11259,-41.036681,-70.26563,34,0
10244,-41.069167,-71.163139,348,0
10373,-39.052002,-67.530619,368,0
6319,-34.9031620072384,-60.7591182457161,750,0
9556,-35.121009,-60.503959,826,0
8005,-35.12505,-60.49963,236,0
5701,-39.50247,-62.68264,390,0
6791,-39.25861,-62.61563,846,0
5316,-34.28877,-61.28899,731,0
4932,-49.98396,-68.91217,702,0
9449,-39.536675,-62.679427,620,0
10169,-36.935538,-60.230045,534,0
4914,-32.981287,-60.635391,44,0
1536,-33.20953,-68.88254,348,0
4337,-33.91315,-60.59039,961,0
1276,-34.86335,-58.04839,727,0
10272,-34.107348,-59.010342,4,0
10276,-34.887318,-60.008406,4,0
9519,-34.63844,-58.57272,941,0
698,-34.959424,-58.084575,905,0
6706,-34.70154,-58.53803,428,0
6767,-34.161923,-58.95154,42,0
304,-34.60896,-58.46511,10,0
8367,-34.690909,-58.426471,54,0
2601,-34.977646,-67.673676,84,0
2608,-34.970361,-67.688995,593,0
8452,-31.47393,-64.23326,668,0
4820,-34.66022,-58.62006,727,0
216,-31.41625,-64.49375,747,0
6565,-27.44959,-58.9886,44,0
6452,-27.412923,-58.970468,40,0
6163,-29.232648,-61.76835,58,0
9511,-31.469793,-64.227958,562,0
6283,-34.88148,-58.05385,868,0
8090,-34.92094,-57.94639,679,0
2102,-26.82011,-54.95807,721,0
2097,-26.81841,-55.02752,46,0
2319,-38.545886,-58.749893,1105,0
6187,-38.564886,-58.702313,748,0
6189,-38.34843,-59.61177,294,0
8476,-38.539906,-58.7588,1157,0
9765,-38.34843,-59.61177,730,0
9603,-38.034996,-60.090439,815,0
6190,-38.34346,-59.60841,292,0
6779,-32.7330171864509,-59.3679521865083,6,0
3405,-31.42185,-63.03726,965,0
2484,-31.424816,-63.055288,494,0
2513,-31.02094,-64.11374,48,0
1727,-33.16654,-60.52851,1214,0
5187,-27.35071,-65.59343,747,0
544,-33.0753,-68.46705,661,0
6087,-38.93242,-68.00818,886,0
6086,-38.94167,-67.99437,888,0
8084,-34.467845,-58.559811,908,0
9168,-34.601257,-58.472184,689,0
4202,-37.97946,-57.58249,1013,0
3902,-32.86824,-68.84333,687,0
263,-34.83252,-58.41306,815,0
166,-34.83209,-58.41225,817,0
7606,-32.89762,-68.8023,691,0
2630,-38.97749,-67.82925,736,0
10492,-32.61715,-60.773838,240,0
6790,-32.964961,-68.839797,112,0
2446,-32.722573,-68.607231,122,0
6873,-27.731273,-64.236609,70,0
3137,-33.08458,-68.47208,110,0
4370,-23.30737,-64.21768,546,0
4139,-32.65361,-62.29361,1254,0
3672,-32.9083,-68.85162,687,0
201,-26.80958,-65.24794,552,0
7380,-27.78403,-64.27244,149,0
10050,-27.779187,-64.274198,52,0
9685,-27.791524,-64.268935,548,0
5537,-40.711158,-65.000761,1068,0
4597,-40.82328,-62.98344,1307,0
10375,-33.89244,-60.57375,678,0
7267,-37.152515,-63.666544,532,0
6058,-37.018069,-57.116506,480,0
8262,-34.82742,-67.91717,719,0
11350,-38.96902,-68.06524,12,0
1257,-37.39046,-68.91687,841,0
1575,-34.69607,-58.40785,839,0
1976,-34.64482,-58.590115,868,0
2304,-32.88554,-68.82364,687,0
5521,-34.420075,-58.561476,128,0
1409,-34.64749,-58.796499,862,0
4153,-28.466517,-65.760397,895,0
6932,-28.458703,-65.748984,1190,0
4757,-28.45462,-65.74297,1192,0
619,-33.45891,-67.55265,738,0
567,-27.46424,-58.83539,744,0
905,-33.6885,-65.47248,753,0
8271,-33.44987,-61.49051,746,0
784,-31.54245,-68.52398,748,0
573,-34.26532,-62.71255,746,0
373,-34.50553,-58.58936,756,0
375,-34.50563,-58.59015,756,0
945,-34.65397,-59.43322,764,0
979,-37.26516,-56.97536,748,0
1292,-34.9168,-57.95129,744,0
952,-38.55868,-58.73443,748,0
1358,-40.76239,-71.64736,764,0
788,-33.30044,-66.34426,748,0
774,-32.89287,-68.83019,718,0
789,-27.787597,-64.262734,814,0
1285,-34.56678,-58.45034,738,0
959,-42.91577,-71.3191,748,0
616,-31.09359,-64.48689,754,0
625,-33.11632,-64.34693,750,0
610,-31.40942,-64.18459,744,0
601,-28.46864,-65.78533,752,0
954,-41.967976,-71.535824,758,0
597,-31.40247,-64.47079,754,0
614,-30.23882,-68.74112,772,0
903,-26.80223,-65.204,750,0
361,-34.58289,-58.4,740,0
982,-43.25244,-65.30614,750,0
1081,-42.57166,-64.28211,766,0
1295,-34.71179,-58.39281,750,0
1047,-40.15407,-71.34127,782,0
1302,-34.5090058509195,-58.4794472589302,790,0
937,-34.86548,-61.52764,752,0
799,-34.6639,-58.36282,778,0
588,-34.63402,-58.3753,730,0
590,-34.63155,-58.47184,836,0
9199,-31.42735,-64.17165,668,0
7217,-26.40803,-54.60491,738,0
980,-51.6171,-69.20935,730,0
553,-29.7329,-57.10274,760,0
587,-31.25373,-61.4838,748,0
584,-27.48682,-55.12607,738,0
781,-30.3550947027047,-66.3105423472491,784,0
612,-23.20701,-65.34711,772,0
560,-33.74576,-61.96668,732,0
547,-29.78984,-58.06368,776,0
314,-34.51205,-58.5213,790,0
978,-38.95387,-68.05681,762,0
780,-28.80453,-66.94912,772,0
755,-38.0043432284729,-57.5487101851863,780,0
1265,-36.36289,-56.71748,748,0
973,-35.4336294047288,-60.1651762969589,752,0
752,-38.72109,-62.26315,736,0
761,-37.17826,-62.75768,752,0
589,-27.36762,-55.89507,726,0
585,-31.3943,-58.01587,770,0
792,-26.83076,-65.21129,750,0
622,-29.41638,-66.86009,752,0
807,-34.91588,-57.94254,744,0
370,-34.51364,-58.52396,790,0
948,-38.264117,-57.839717,764,0
810,-34.6002,-58.5031,734,0
602,-26.1922,-58.19759,744,0
593,-34.57419,-58.42132,738,0
548,-26.06868,-65.97454,782,0
1267,-38.0120869774826,-57.5659360644026,784,0
975,-38.70084,-62.33324,740,0
604,-31.34223,-66.59183,776,0
870,-37.37944,-70.2722,756,0
756,-36.23213,-61.11789,752,0
981,-54.81506,-68.32305,718,0
7222,-28.06604,-67.56335,780,0
8282,-30.74014,-59.64491,770,0
1303,-34.37252,-58.65666,872,0
582,-26.78715,-60.4433,760,0
655,-24.78216,-65.41005,752,0
579,-31.64031,-60.70278,752,0
971,-38.88973,-70.03785,756,0
860,-39.28154,-65.66633,754,0
950,-38.95141,-67.99228,756,0
1054,-40.72407,-71.0933,714,0
1021,-40.84054,-68.08995,778,0
1074,-41.32669,-71.49813,764,0
1018,-43.88496,-68.41223,760,0
1057,-41.61177,-65.35517,786,0
974,-40.82467,-62.97293,764,0
1048,-53.29937,-68.455925,524,0
993,-36.61919,-64.26771,760,0
968,-37.32895,-59.13493,756,0
1084,-45.59946,-69.07824,766,0
855,-38.9733,-64.10502,754,0
1266,-37.84744,-57.5105,748,0
566,-33.28927,-60.26975,746,0
933,-35.57292,-57.97931,750,0
764,-36.31655,-57.69864,766,0
1264,-35.32306,-58.0508,750,0
765,-35.70028,-58.88966,756,0
934,-34.92267,-59.98865,366,0
1263,-35.4805,-60.87224,698,0
960,-38.36029,-59.62522,764,0
763,-34.40463,-59.82795,744,0
595,-34.0723,-60.04981,744,0
569,-33.78377,-59.6385,760,0
806,-34.38209,-58.75149,840,0
7479,-30.95901,-64.27355,774,0
624,-29.50556,-63.70104,774,0
9201,-32.26913,-58.23992,702,0
7089,-30.3217210216645,-69.21017138514,774,0
1406,-37.72131,-67.76422,762,0
7657,-29.876746,-61.938064,762,0
1067,-44.68911,-66.62486,782,0
474,-25.12386,-66.16447,778,0
592,-34.5844,-59.0546,756,0
603,-25.32206,-57.73272,766,0
571,-27.44128,-57.36488,772,0
558,-25.61534,-54.55907,754,0
551,-26.26158,-53.64826,738,0
6581,-23.90395,-61.84195,776,0
794,-27.577,-65.61253,760,0
9352,-23.23783,-67.018995,536,0
1361,-25.61885,-63.271,768,0
899,-32.21532,-67.79679,760,0
791,-22.54067,-63.80277,770,0
900,-28.92089,-67.519,772,0
901,-27.2234756492634,-66.8216057932963,764,0
797,-29.22216,-65.77432,784,0
904,-33.64798,-65.44421,749,0
476,-33.53326,-62.86858,750,0
620,-22.10296,-65.59984,760,0
7452,-30.64001,-67.46759,772,0
823,-32.1629,-64.44166,754,0
658,-28.93009,-65.09155,776,0
6389,-32.73336,-61.83408,746,0
783,-31.42041,-62.06421,750,0
821,-32.41499,-63.23405,740,0
637,-25.79937,-64.96985,762,0
615,-24.184167,-65.3085,764,0
7856,-33.00902,-58.51886,766,0
1464,-27.45771,-59.00764,729,0
3228,-53.78036,-67.71667,714,0
3227,-53.7866934237849,-67.7008273368296,531,0
3216,-53.78247,-67.69527,714,0
10287,-53.808487,-67.684547,328,0
8967,-53.809763,-67.78,698,0
1661,-32.0557,-61.59891,669,0
913,-32.05546,-61.58817,749,0
2742,-34.61268,-58.4342,12,0
2692,-34.62397,-58.46459,614,0
3746,-27.609653,-61.340369,288,0
3597,-27.092,-61.07706,881,0
3442,-27.225825,-61.186991,1219,0
3472,-27.227198,-61.177663,1207,0
8628,-34.09679,-59.02268,68,0
8629,-34.578115,-58.528954,94,0
8614,-34.63736,-58.55289,90,0
8605,-31.43932,-64.12824,88,0
8645,-37.10944,-56.87778,82,0
8598,-34.57031,-58.443728,78,0
8574,-37.9913,-57.5747,86,0
8584,-34.567834,-58.486913,92,0
8573,-37.96682,-57.55063,80,0
8595,-34.586741,-58.441015,86,0
8596,-34.64796,-58.42886,58,0
8602,-34.508622,-58.479558,64,0
8555,-34.575093,-58.46287,78,0
8634,-34.650873,-58.512705,94,0
8567,-34.49434,-58.55147,90,0
8612,-32.928727,-60.73858,98,0
8585,-34.61422,-58.46062,78,0
8575,-34.62715,-58.38458,94,0
8620,-34.551232,-58.721325,84,0
8623,-31.29983,-64.28759,98,0
8597,-34.72509,-58.251123,78,0
8588,-34.64653,-58.52882,96,0
8590,-34.64493,-58.52956,96,0
8570,-37.99974,-57.5963,92,0
8587,-34.621937,-58.428066,78,0
8616,-34.53165,-58.46892,98,0
8576,-34.547108,-58.457442,78,0
8617,-34.528166,-58.480985,100,0
8569,-34.163292,-58.960525,72,0
8593,-34.562204,-58.466072,78,0
8586,-34.583515,-58.4973,78,0
8632,-34.486592,-58.617543,84,0
8604,-34.57287,-58.544,46,0
8599,-34.632283,-58.62624,78,0
8577,-34.61029,-58.41152,94,0
8580,-34.63288,-58.47931,78,0
8571,-34.17469,-58.96012,72,0
8633,-34.748822,-58.581549,78,0
8568,-34.49738,-58.55561,74,0
8624,-34.808928,-58.277861,80,0
8583,-34.615767,-58.527724,78,0
8646,-31.40009,-64.17335,92,0
8613,-32.949665,-60.682007,76,0
8591,-33.00897,-60.66501,96,0
8643,-31.40749,-64.17769,94,0
8601,-32.94073,-60.67093,14,0
8630,-34.74212,-58.49545,84,0
8589,-32.942095,-60.661196,98,0
8631,-34.45721,-58.62828,88,0
8581,-34.63214,-58.5015,78,0
8592,-34.61214,-58.40535,94,0
8578,-34.585982,-58.398697,78,0
8594,-34.578666,-58.406559,78,0
8572,-37.999086,-57.553949,98,0
8603,-31.39059,-64.20382,94,0
8600,-34.510049,-58.524386,88,0
8626,-38.70385,-62.269456,72,0
8615,-34.72767,-58.261732,84,0
8611,-31.64137,-60.65909,90,0
8609,-34.51751,-58.512892,90,0
8619,-34.84049,-58.1879,86,0
8610,-34.70175,-58.58013,78,0
8606,-34.45039,-58.87058,94,0
8622,-34.394724,-58.739655,128,0
8747,-34.12473,-59.022212,210,0
8608,-36.77694,-59.82342,18,0
8627,-34.191044,-58.944916,102,0
8582,-34.606209,-58.450831,78,0
8621,-32.96089,-60.64002,94,0
8625,-38.68556,-62.22917,72,0
8579,-34.563836,-58.496603,92,0
7932,-33.00995,-60.63555,1284,0
5642,-27.47526,-58.79819,1044,0
7314,-32.03306,-60.30972,1125,0
4161,-30.749805,-59.580639,850,0
9080,-31.528475,-68.568622,711,0
7746,-31.645887,-60.698429,1012,0
7743,-32.94387,-60.65365,902,0
7742,-32.941222,-60.641023,906,0
7745,-32.952182,-60.642321,906,0
7744,-32.940399,-60.66556,1049,0
9713,-32.967864,-60.711872,654,0
7333,-31.4542989687658,-60.9127837220764,838,0
11153,-31.4542989687658,-60.9127837220764,76,0
3439,-29.88865,-60.28032,886,0
7350,-30.224,-61.731,864,0
8003,-32.8490593734865,-60.7067802797623,1002,0
2415,-32.89775,-68.796497222,116,0
2424,-32.901497,-68.760876,120,0
2429,-32.893552,-68.789834,114,0
2656,-24.24724,-65.21521,735,0
4875,-34.704833,-58.70534,212,0
9791,-34.704833,-58.70534,505,0
470,-34.66243,-58.67396,337,0
7420,-36.391688,-56.754614,38,0
3757,-32.39228,-59.53501,739,0
6628,-32.893768,-60.707476,1142,0
10633,-32.89315,-60.69981,328,0
5994,-31.44274,-61.25829,144,0
11031,-37.841179,-58.248416,10,0
255,-33.53294,-62.86955,495,0
8863,-33.53294,-62.86955,250,0
2026,-34.5499,-58.55158,735,0
2510,-31.010287,-62.67034,34,0
9808,-31.407841,-62.302849,316,0
10520,-29.87725,-61.93866,8,0
10518,-29.87982,-61.94607,54,0
10887,-31.6078,-60.719829,40,0
10699,-30.545497,-61.954165,8,0
3905,-34.80651,-58.48341,773,0
4755,-27.733904,-64.247733,76,0
4605,-35.00895,-63.37239,2,0
3107,-34.5131,-58.56743,899,0
9796,-32.196112,-59.396608,184,0
4087,-32.1702,-64.14552,842,0
4090,-32.16898,-64.10281,104,0
9435,-31.758438,-63.771032,104,0
10314,-32.165913,-64.457672,70,0
2067,-30.858827,-64.983835,745,0
10491,-30.63673,-65.392308,6,0
2062,-30.727834,-64.805269,749,0
10552,-34.777593,-62.999506,120,0
8845,-36.00449,-58.13971,736,0
3010,-35.5153,-58.32177,750,0
11061,-37.12995,-56.87914,104,0
2923,-34.90644,-57.96068,735,0
7384,-35.56851,-58.0158,742,0
2996,-35.77187,-58.49324,750,0
3006,-35.77105,-58.52012,848,0
2988,-35.43586,-58.78164,810,0
2980,-35.774059,-58.50669,852,0
6377,-35.67589,-58.43538,380,0
2667,-32.73383,-65.29,737,0
2476,-34.9142697668551,-57.9836793005943,826,0
7233,-32.066961,-60.446841,169,0
9878,-29.9406915,-58.4390985,1016,42.4
599,-38.03389,-60.09683,746,0
4857,-31.632709,-60.717591,112,0
3595,-32.178445,-58.786654,1043,0
2537,-32.37013,-58.88668,1262,0
9510,-34.82317,-58.48237,876,0
3624,-38.93258,-69.21882,712,0
3959,-39.06627,-68.56039,722,0
3962,-38.92993,-69.22744,2,0
3623,-38.92993,-69.22744,722,0
10752,-38.95511,-68.076098,290,0
3956,-38.93086,-69.19632,722,0
3296,-34.99373,-61.01099,288,0
3327,-34.999996,-61.039886,280,0
266,-38.02633,-57.56094,862,0
267,-38.04369,-57.54414,864,0
611,-37.99395,-57.55052,858,0
6730,-32.686574,-58.867919,127,0
3023,-31.387491,-64.190763,315,0
4220,-31.3007,-63.76086,8,0
8064,-34.662192,-58.59638,1696,0
1245,-34.659627,-58.592985,953,0
7363,-29.12403,-59.65367,570,0
10190,-29.146221,-59.646172,206,0
10185,-28.035769,-59.223611,8,0
10290,-26.33881,-54.6179,158,0
8318,-26.403762,-54.631984,410,0
1556,-34.652935,-58.517138,655,0
8375,-27.767624,-64.250861,348,0
9837,-27.764444,-64.249574,678,0
4480,-34.677245,-58.366144,1040,0
6115,-35.77177,-58.4968,868,0
8769,-27.798924,-64.253893,82,0
3007,-32.610132,-62.690632,812,0
1798,-45.88666,-67.52219,704,0
9089,-32.68679,-58.88864,685,0
2300,-32.68679,-58.88864,62,0
6856,-33.31389,-66.32944,1378,0
4355,-33.316415,-66.340694,1285,0
10613,-42.06495,-71.6019,378,0
3300,-32.21669,-65.05022,650,0
4416,-31.531476,-62.724847,60,0
897,-31.40482,-62.62767,319,0
4409,-31.325506,-62.814574,319,0
6472,-33.233096,-60.328513,140,0
7903,-31.458278,-64.211417,797,0
9475,-31.474566,-64.168404,614,0
1871,-35.05261,-60.26228,832,0
2984,-33.489095,-60.011436,48,0
7343,-30.951523,-58.785823,1390,0
4756,-24.39204,-65.254305,2,0
7013,-24.240703,-64.875693,2,0
7817,-24.226956,-65.274598,2,0
9870,-35.642766,-63.748673,870,0
8323,-36.76861,-62.51639,1204,0
9474,-36.76861,-62.51639,1014,0
10109,-34.68307,-58.570641,756,0
8164,-31.4193,-60.33875,909,0
2596,-30.980681,-57.925549,763,0
6428,-29.872399,-61.939834,183,0
4374,-32.232936,-63.990845,94,0
5267,-27.438036,-59.000798,855,0
8361,-34.66501,-59.4116,743,0
4471,-33.70474,-61.61753,24,0
3358,-42.91421,-71.31584,712,0
6040,-43.08204,-71.46402,710,0
1948,-34.805075,-58.247381,32,0
10899,-38.96009,-68.03979,346,0
9069,-34.72016,-58.30397,840,0
6509,-37.46185,-61.94402,52,0
262,-27.79879,-64.25411,737,0
4611,-40.75642,-71.65385,728,0
3895,-34.73936,-58.23847,691,0
4004,-36.38168,-59.50015,746,0
8112,-32.67472,-58.88222,130,0
10457,-34.792446,-58.414598,18,0
9605,-34.762363,-58.414836,526,0
2503,-31.34788,-64.26498,1538,0
5788,-34.76155,-58.480763,670,0
5580,-34.769136,-58.283808,994,0
10415,-32.356555,-65.015784,384,0
9694,-33.669825,-65.460546,566,0
9192,-32.810698,-63.874034,1060,0
2986,-34.595479,-58.413661,135,0
7389,-31.73979,-60.52589,8,0
6383,-38.954849,-68.084032,122,0
4569,-31.758048,-60.485347,160,0
1351,-34.63931,-58.55687,847,0
6770,-23.57284,-65.3974,743,0
6769,-24.194443,-65.297292,745,0
6721,-34.325148044,-58.990373635,4,0
7659,-29.149364,-59.657089,648,0
3689,-34.60008,-58.758166,843,0
3631,-34.59012,-58.74159,848,0
5247,-27.81254,-64.26466,781,0
10355,-36.7832,-59.85147,498,0
2150,-31.67587,-61.7622,2,0
1891,-33.01463,-58.5213,12,0
5764,-31.813113,-64.306937,888,0
5765,-31.72081,-64.4034,839,0
6940,-32.694591,-62.102949,598,0
3333,-36.56653,-61.75135,701,0
7879,-38.041359,-57.54308,896,0
9641,-27.976154,-55.523265,327,0
8885,-31.347436,-64.147987,196,0
5180,-31.249261,-62.356347,718,0
7528,-31.311702,-64.278078,86,0
2366,-31.41964,-64.217,877,0
6118,-31.01007,-62.06707,938,0
5712,-31.17637,-62.10305,967,0
7031,-34.567616,-58.741786,120,0
5328,-36.7832,-59.85147,361,0
10472,-34.811353,-58.230393,758,0
7678,-34.661074,-59.429048,788,0
4081,-34.9341,-57.992973,702,0
1252,-34.54189,-58.57153,733,0
2163,-34.516428,-58.496607,1098,0
3422,-36.534437,-56.703133,794,0
4118,-36.68511,-56.68511,795,0
5436,-38.03064,-57.55589,250,0
4009,-32.2598,-58.13534,741,0
507,-34.58278,-58.4603,707,0
7712,-31.64127,-60.71675,780,0
3304,-31.966772,-60.925294,742,0
3311,-31.97941,-60.92842,292,0
6361,-31.38761,-58.09859,90,0
8091,-22.05582,-63.68646,753,0
10733,-26.419603,-54.643603,398,0
331,-34.653877,-58.503274,112,0
5644,-35.1265,-60.47125,738,0
5968,-33.646646,-65.460107,96,0
3745,-30.42293,-57.98007,875,0
4717,-34.607215,-58.462973,1141,0
3363,-31.868337,-62.708913,136,0
11089,-32.921,-60.8124,382,0
10846,-38.693698,-62.322495,247,0
10986,-32.946601,-60.658116,356,0
10376,-33.77982,-61.95373,673,0
7229,-35.17756,-59.09045,1470,0
1602,-34.65966,-58.36214,759,0
2078,-34.651505,-58.781665,140,0
8618,-34.511171,-58.757911,596,0
9723,-38.02311,-60.114832,832,0
2144,-30.9538,-62.33612,148,0
8823,-31.00849,-62.65841,519,0
1657,-24.80234,-65.41608,797,0
8652,-34.635264,-58.597968,263,0
10645,-34.635264,-58.597968,661,0
9565,-34.57287,-58.544,493,0
7483,-35.12268,-60.48366,1010,0
4814,-34.454735,-58.892255,1072,0
9830,-32.36515,-59.30798,207,0
2788,-31.85042,-59.02755,24,0
9917,-31.31891,-64.3102,836,0
8207,-38.72329,-61.29336,522,0
7131,-39.257658,-62.598044,49,0
9078,-34.09822,-60.406849,312,0
6796,-34.86851,-58.54048,116,0
5385,-34.77719,-58.82814,952,0
5387,-34.777372,-58.828983,124,0
3883,-31.5935,-60.72403,193,0
3903,-31.63024,-60.71369,101,0
3906,-31.25655,-61.46872,130,0
8266,-31.618898,-60.705173,146,0
6206,-31.60797,-60.5798,98,0
3909,-31.60082,-60.69255,176,0
3912,-31.628274,-60.718739,28,0
1229,-34.47008,-63.54167,737,0
4678,-29.146221,-59.646172,232,0
3009,-28.035769,-59.223611,110,0
3000,-31.55497,-60.72828,490,0
3584,-34.55868,-58.66639,821,0
10681,-34.55868,-58.66639,40,0
1583,-34.73845,-58.34818,843,0
8296,-32.624025,-60.153802,792,0
7568,-34.70373,-58.28971,645,0
1603,-34.71839,-58.29182,733,0
2125,-34.86468,-58.689329,12,0
3149,-26.86563,-65.19824,24,0
9992,-50.33137,-72.229769,416,0
104,-27.448803,-58.98882,1175,0
2680,-34.627606,-58.43038,10,0
7063,-34.66513,-58.46978,707,0
10717,-34.0749,-59.2315,88,0
3445,-34.7811,-58.40625,826,0
1808,-34.58587,-59.11153,435,0
1708,-33.047,-61.16203,1017,0
1679,-34.56553,-59.12073,811,0
10679,-34.681701,-58.385423,80,0
9706,-34.46928,-59.38908,496,0
4115,-34.82917,-58.21618,791,0
9792,-26.80819,-65.26264,848,0
2820,-50.02425,-68.53702,702,0
9907,-32.860514,-68.859018,921,0
10710,-32.57114,-61.76981,8,0
7205,-31.05789,-61.16739,733,0
2065,-31.642399,-63.90982,516,0
8004,-31.36396,-64.17639,788,0
7797,-27.30312,-58.99252,733,0
9340,-34.90426,-58.018547,306,0
2646,-27.60545,-56.68438,745,0
10327,-30.933059,-64.076766,488,0
8184,-31.432925,-64.162204,824,0
5490,-30.990816,-64.097928,806,0
8729,-31.583379,-63.466699,780,0
9376,-33.739393,-61.986612,696,0
8185,-31.3906,-64.21379,1004,0
6524,-31.5383,-68.59254,947,0
5500,-31.533527,-68.480036,761,0
504,-34.57082,-59.10289,773,0
505,-34.5599,-59.11044,781,0
6824,-34.616842,-58.466406,1081,0
5630,-34.49997,-61.53488,68,0
5773,-30.356101,-66.308667,274,0
9477,-27.824472,-64.247008,1168,0
9585,-27.784401,-64.265823,1080,0
2684,-34.63328,-58.65354,727,0
7032,-32.84179,-68.81913,687,0
1028,-34.61547,-58.41542,4,0
6810,-26.817081,-65.207895,434,0
8316,-32.475425,-58.303244,112,0
7511,-32.487619,-58.249577,113,0
676,-34.608376,-68.353608,940,0
6677,-38.84725,-68.12222,699,0
10188,-30.906413,-62.214302,384,0
3479,-30.864447,-62.037129,1092,0
684,-38.95489,-68.12344,752,0
2093,-33.29623,-66.29517,787,0
9793,-31.72941,-65.005388,476,0
2318,-31.72066,-65.00426,258,0
7859,-32.54654,-59.35295,340,0
1167,-32.90714,-60.6956,554,0
5114,-31.154807,-63.40895,898,0
2103,-36.62301,-64.29107,547,0
445,-36.61807,-64.26432,738,0
1491,-32.8866,-68.84209,687,0
10451,-31.955728,-60.125592,352,0
1680,-32.90361,-68.84222,474,0
2800,-32.909579,-68.775421,574,0
4050,-37.325751,-59.14746,1338,0
4446,-31.43161,-64.13835,2410,0
3807,-32.170275,-64.133865,520,0
3392,-32.194381,-64.252274,530,0
10792,-31.34969,-64.34002,232,0
454,-30.760931,-57.997352,817,0
5041,-38.03827,-57.56476,908,0
5252,-33.872125,-62.094788,6,0
6292,-36.63156,-64.29572,818,0
284,-37.37302,-64.60021,736,0
280,-36.61517,-64.29012,730,0
281,-36.66172,-64.28369,734,0
287,-37.30678,-64.28856,736,0
289,-35.23535,-63.59297,736,0
907,-31.395304,-58.017187,1144,0
2392,-32.758319,-68.393696,632,0
11152,-34.607716,-58.955851,184,0
243,-32.60896,-61.1606,725,0
3658,-26.834814,-65.250967,1371,0
3639,-26.795869,-65.205407,1235,0
5487,-34.699434,-58.540995,798,0
8422,-33.18678,-60.47206,512,0
8310,-27.50146,-64.857204,254,0
1521,-34.78145,-58.38974,1306,0
4144,-36.81494,-69.87782,581,0
6876,-33.621756,-64.593042,721,0
1212,-37.12338,-63.66752,864,0
1447,-30.71724,-62.00342,737,0
665,-33.41363,-63.2853,16,0
663,-33.39687,-63.47503,18,0
659,-33.4136943941199,-63.2959647929934,741,0
113,-34.684115,-58.592343,832,0
6486,-36.0947,-57.811034,793,0
4533,-27.4163,-59.0032,857,0
1226,-33.64824,-65.44059,420,0
6240,-33.64739,-65.45524,502,0
917,-33.65751,-65.44502,721,0
9631,-34.633839,-58.425017,532,0
11112,-37.327133,-59.114723,8,0
11110,-37.313234,-59.144305,8,0
11111,-36.776474,-59.076512,6,0
5161,-35.63622,-61.35358,988,0
4098,-33.05203,-61.15553,10,0
7338,-33.68347,-59.66187,532,0
2870,-26.22864,-65.480474,52,0
8379,-34.67741,-58.47977,590,0
7874,-34.677593,-58.47843,596,0
7546,-34.753948,-58.346005,652,0
2974,-34.817422,-58.430537,650,0
7726,-31.392564,-64.203259,1183,0
9045,-38.169631,-58.775359,494,0
7924,-26.704675,-65.223392,10,0
3362,-38.076476,-70.613375,716,0
7654,-35.567289,-58.010245,906,0
1733,-28.476067,-65.782701,1218,0
10933,-34.895179,-58.434189,152,0
2979,-31.34594,-63.9484,581,0
2796,-31.34411,-63.93978,739,0
3024,-32.022108,-61.224334,820,0
8024,-32.8263,-61.39947,46,0
4805,-24.19057,-65.29541,971,0
4792,-23.82569,-64.799683,952,0
7276,-34.43028,-58.57079,742,0
1509,-32.42701,-63.31223,2,0
4143,-27.79255,-64.27071,544,0
7118,-32.99971,-60.648397,1262,0
6176,-30.757152,-57.991531,30,0
6175,-30.76103,-58.006037,1098,0
9172,-33.461616,-62.442261,32,0
6217,-34.552921,-58.696988,126,0
4357,-33.278072,-66.317335,1378,0
10544,-33.03289,-60.61708,8,0
7258,-31.431479,-64.231219,776,0
9703,-31.359315,-64.55065,754,0
6120,-31.428441,-64.229577,938,0
6407,-32.78428,-61.60598,733,0
2128,-34.47237,-58.53673,271,0
10112,-26.789624,-65.222661,94,0
5441,-24.377887,-65.119753,4,0
5016,-31.552289,-68.523043,44,0
6559,-31.533611,-68.514224,378,0
5006,-31.51793,-68.5168,488,0
5017,-31.539109,-68.567699,44,0
6102,-34.176406,-61.52419,12,0
6295,-32.698188,-62.103297,4,0
3378,-34.682441,-58.385153,38,0
6109,-33.345325,-60.231569,96,0
2493,-37.254254,-56.978494,1130,0
7428,-33.50661,-60.1393,803,0
9026,-31.73883,-60.525414,14,0
7478,-34.815686,-58.365986,1068,0
6882,-34.584696,-60.933256,1274,0
6881,-34.587167,-60.947122,276,0
6883,-34.5946,-60.9795,850,0
8881,-34.899538,-58.580274,702,0
9884,-34.663945,-58.733846,72,0
8340,-35.90736,-64.27436,728,0
7947,-32.9684228257265,-60.646437310607,996,0
7949,-33.25116,-61.36333,281,0
5661,-37.985829,-57.586003,100,0
983,-27.22211,-61.18476,745,0
989,-27.22899,-61.18153,356,0
3543,-32.257291,-58.236839,730,0
10838,-32.231458,-58.154244,62,0
2379,-31.550978,-61.076821,1096,0
7168,-31.762014,-61.101484,1106,0
8999,-28.0395339904523,-58.2285082503688,56,0
5924,-28.0395339904523,-58.2285082503688,500,0
1864,-34.638542,-58.417728,567,0
6805,-31.361705,-64.252769,996,0
1116,-34.69064,-58.48132,803,0
5447,-31.50373,-68.531878,524,0
6880,-31.38156,-58.03704,1167,0
2455,-41.13799,-71.29588,728,0
2459,-41.12805,-71.3504,728,0
3208,-34.77023,-58.3784,735,0
867,-34.6054,-68.36086,834,0
3853,-32.57741,-64.38971,444,0
4339,-34.609381,-58.45014,106,0
8321,-34.59296,-60.96002,232,0
5456,-34.63383,-60.47144,238,0
5004,-34.58362,-59.10142,769,0
9525,-37.01306,-57.11772,170,0
10216,-31.80478,-59.16614,346,0
6752,-34.66812,-58.38832,555,0
6466,-34.51889,-58.5143,16,0
9395,-35.389218,-62.424252,683,0
656,-32.89354,-60.71862,1026,0
4130,-37.98513,-57.58549,768,0
10121,-36.304181,-61.726412,462,0
4028,-34.85012,-58.51745,1322,0
8724,-34.771716,-58.649907,48,0
4347,-38.0092,-57.56368,1022,0
7778,-31.571243,-68.558982,886,0
4406,-31.53017,-68.59099,649,0
8025,-31.55437,-60.72605,1012,0
2934,-34.81419,-58.27783,795,0
9871,-27.635758,-55.496733,241,0
5554,-31.488535,-61.711535,1152,0
10827,-32.990178,-58.523496,208,0
3390,-34.94092,-57.91425,1162,0
8085,-31.6251347942155,-60.7055255014943,539,0
10378,-31.661227,-60.723537,316,0
3859,-32.96316,-60.711926,1219,0
10181,-33.431078,-63.300753,572,0
7243,-34.681748,-58.67567,1297,0
5702,-34.723598,-58.27078,114,0
8039,-41.146765,-71.310962,1935,0
6094,-41.10465,-71.44059,1880,0
7392,-41.14453,-71.297065,1931,0
2036,-34.76095,-58.42213,1263,0
3528,-33.818,-59.51225,18,0
3015,-27.49487,-58.81718,721,0
3643,-34.589088,-58.484967,892,0
7291,-34.625728,-58.563108,1111,0
8649,-33.349995,-69.150889,863,0
8878,-33.779222,-69.061055,70,0
10126,-33.731915,-69.119523,790,0
3832,-34.817926,-58.394915,912,0
6271,-34.20793,-61.35943,24,0
6651,-32.697123,-63.708601,960,0
2240,-34.88772,-58.38974,509,0
8303,-34.620331,-58.598056,1226,0
7570,-31.3856,-64.20621,836,0
10558,-34.883871,-57.963532,360,0
6447,-34.770304,-58.61908,2,0
10723,-34.912439,-58.00726,504,0
9046,-38.57779,-58.7291,714,0
7757,-34.610161,-58.548479,132,0
8293,-33.45597,-61.32768,725,0
7364,-26.37086,-65.29392,48,0
4661,-34.70022,-58.4117,880,0
9237,-34.53401,-58.5319,423,0
10926,-34.636512,-58.655132,202,0
10510,-31.430997,-64.225192,356,0
7485,-34.890622,-57.995474,1228,0
8544,-34.896559,-57.956285,1194,0
7249,-34.44512,-58.59753,922,0
8244,-33.68751,-59.6731,56,0
7180,-26.179811,-58.187522,721,0
4723,-33.08842,-61.78765,14,0
1196,-29.183227,-58.071048,912,0
7221,-34.674791,-58.558602,1024,0
5722,-32.962329,-60.700849,1052,0
8122,-32.930943,-60.725825,838,0
7914,-32.988907,-60.751573,1030,0
7024,-31.5754,-68.51888,807,0
6917,-31.65573,-68.5766,446,0
6919,-31.65859,-68.5663,672,0
7026,-31.52426,-68.54894,727,0
9772,-31.65573,-68.5766,540,0
7023,-31.58016,-68.53314,739,0
3063,-29.41227,-66.82024,2,0
8111,-32.23136,-60.99163,1016,0
4651,-34.94264,-57.93944,729,0
4648,-35.17389,-58.24026,907,0
2299,-33.56372,-62.88643,280,0
9185,-34.932286,-58.485502,694,0
3875,-27.57854,-60.71534,810,0
8655,-34.767199,-58.219913,1126,0
9916,-31.6648,-63.05368,418,0
11015,-31.93259,-62.459398,336,0
8143,-31.644449,-63.339901,883,0
7600,-29.72246,-57.1465,630,0
7064,-25.619927,-63.271582,82,0
7203,-33.02398,-58.53806,80,0
7573,-31.44201,-58.12305,98,0
7806,-28.5808,-56.085654,1374,0
7807,-28.54918,-56.07755,1380,0
10782,-37.294835,-57.001924,432,0
10862,-37.958403,-57.567245,400,0
7987,-36.99759,-57.14081,738,0
8026,-36.30831,-57.68137,748,0
1515,-34.72671,-68.2315,711,0
7199,-27.4321332231631,-65.6131401928569,292,0
8982,-36.578207,-56.69056,658,0
6656,-34.989028,-58.141284,562,0
10055,-34.828672,-58.179601,780,0
10945,-35.073932,-58.294593,46,0
6164,-26.844093,-65.211238,122,0
2285,-34.48316,-58.68307,964,0
1691,-38.737034,-62.239904,289,0
10226,-34.706689,-58.371194,356,0
3808,-33.49457,-60.05963,759,0
2953,-37.550251,-60.794273,746,0
7818,-34.66526,-58.41716,1375,0
9557,-34.651505,-58.781665,254,0
8074,-34.737833,-58.397793,180,0
10114,-34.881121,-57.968676,8,0
8349,-34.657745,-58.808312,680,0
6667,-34.68951,-58.41835,733,0
7556,-34.45452,-58.83942,821,0
8178,-37.9944,-57.55402,756,0
1015,-37.54481,-60.79857,608,0
8291,-35.83929,-61.88171,624,0
9503,-38.24296,-59.14395,8,0
5685,-34.735569,-58.434562,1167,0
7406,-34.100443,-59.02154,812,0
9472,-37.154581,-58.495863,462,0
8426,-37.16051,-58.48761,70,0
10419,-37.225823,-58.497998,272,0
5546,-32.4872,-58.25029,1205,0
5543,-32.99968,-58.52343,1205,0
5544,-33.05453,-58.62365,588,0
8781,-32.808254,-58.522977,1119,0
10347,-33.02398,-58.53806,8,0
6392,-32.07428,-58.25378,72,0
7926,-35.07588,-57.51688,725,0
10452,-32.068357,-60.45067,350,0
11273,-32.620404,-60.131801,38,0
10786,-36.225282,-64.234024,228,0
7583,-34.62284,-60.42371,723,0
143,-31.55735,-68.53374,862,0
9609,-31.78869,-60.51624,631,0
7433,-45.86133,-67.48625,284,0
7408,-45.90101,-67.55605,994,0
1875,-34.85086,-58.27908,855,0
6819,-38.53444,-58.707815,1068,0
2166,-38.566355,-58.723133,1282,0
9014,-38.566738,-58.738759,1115,0
10302,-38.52892,-58.702595,634,0
1700,-37.9961,-57.56526,822,0
10886,-31.089151,-64.488913,480,0
10885,-29.439401,-66.859476,411,0
3079,-35.492403,-62.983686,358,0
7539,-34.445978,-58.676884,811,0
5485,-34.44177,-58.78243,757,0
6533,-29.71371,-57.21458,14,0
6363,-28.54795,-56.04113,1075,0
1665,-29.99674,-59.5226,745,0
1667,-30.212976,-59.490712,320,0
1663,-30.0196378715966,-59.5332513716888,558,0
5720,-31.100668,-64.482787,1410,0
5732,-31.089151,-64.488913,1336,0
5731,-31.089151,-64.488913,92,0
7287,-37.84421,-58.25887,746,0
6962,-34.776859,-58.391527,1245,0
7882,-26.742595,-65.258083,688,0
10818,-35.40694,-62.4447,498,0
10512,-38.6897,-59.7811,464,0
10508,-38.38007,-60.27942,466,0
10511,-38.85203,-60.0733,453,0
10065,-38.370686,-60.283377,548,0
130,-34.62168,-58.39136,426,0
9188,-34.475413,-58.902509,806,0
10108,-32.615036,-60.160781,354,0
7330,-32.40339,-63.2317,976,0
5796,-34.60022,-58.44887,642,0
10622,-34.78264,-58.209734,648,0
4571,-26.99121,-54.48841,771,0
8356,-45.87033,-67.50756,704,0
8322,-33.64849,-65.45024,749,0
6899,-32.02877,-61.21578,4,0
1523,-34.86819,-58.03853,735,0
6900,-32.03702,-61.200167,4,0
6063,-27.44808,-58.99673,508,0
6838,-31.510939,-68.542685,96,0
3856,-34.9205585539992,-57.9905032073402,246,0
9567,-34.9205585539992,-57.9905032073402,1013,0
7729,-32.88662,-68.84792,1291,0
5890,-38.692775,-62.279279,935,0
5888,-38.69964,-62.244112,826,0
5891,-38.72348,-62.27074,828,0
4286,-27.487395,-58.799544,1078,0
4168,-27.4857819993617,-58.8162568217571,924,0
9571,-34.420075,-58.561476,368,0
3954,-27.16553,-65.49512,749,0
2571,-34.262,-62.712706,725,0
4442,-34.13141,-62.42363,170,0
5925,-34.39946,-62.11793,757,0
4612,-32.053674,-60.61607,350,0
10450,-32.06555,-60.63666,350,0
10868,-32.8866,-68.84209,48,0
2600,-33.0367,-68.86836,703,0
3478,-33.036774,-68.879035,2,0
2274,-33.03682,-68.87872,711,0
6218,-32.49144,-58.31079,12,0
9363,-33.62627,-64.60398,680,0
1001,-34.52396,-58.71397,859,0
2027,-26.699583,-66.047568,764,0
2955,-32.733686,-60.742235,904,0
8017,-32.967864,-60.711872,68,0
8326,-31.37643,-64.22654,344,0
7475,-36.62557,-64.29956,184,0
8229,-35.6616,-63.75233,448,0
336,-35.62695,-61.36678,158,0
294,-32.93776,-68.85827,267,0
354,-32.905053,-68.830616,72,0
7551,-32.87989,-68.83662,266,0
298,-32.87682,-68.85656,266,0
2562,-24.2678,-65.21444,361,0
2167,-34.45043,-58.9062,1352,0
4116,-26.8319,-65.1946,916,0
7565,-35.45136,-58.82395,834,0
1712,-35.510204,-58.023754,86,0
3500,-35.515044,-58.023052,86,0
5007,-34.53401,-58.5319,38,0
7339,-32.923697,-60.679156,986,0
7021,-31.46086,-68.410328,264,0
3854,-32.47866,-58.26249,1284,0
9679,-32.49144,-58.31079,532,0
2479,-32.891659,-68.829724,411,0
7550,-32.988799,-68.772644,54,0
7961,-31.368973,-58.010924,766,0
527,-34.610482,-58.556938,12,0
2959,-32.85694,-68.82113,180,0
10925,-32.859843,-68.88356,152,0
2544,-32.946601,-60.658116,244,0
6230,-34.582463,-58.996713,2,0
6229,-34.594455,-58.949371,100,0
8162,-35.46927,-60.849513,24,0
6231,-34.612172,-61.027255,26,0
1419,-37.67213,-59.80691,768,0
1435,-37.6468,-59.85897,734,0
6523,-34.564332,-58.514533,1244,0
683,-27.46775,-58.81284,1002,0
4843,-26.789624,-65.222661,108,0
10959,-34.8183517572606,-58.1961204923768,226,0
8987,-32.686745,-62.105394,102,0
686,-27.32289,-58.58202,130,0
4783,-28.2453,-58.70453,834,0
5873,-28.27392,-58.13365,570,0
5294,-33.481951,-60.013771,146,0
5693,-33.914629,-60.836989,353,0
4100,-33.43243,-60.6309,656,0
5401,-37.452994,-63.124012,755,0
3336,-32.16696,-63.46079,529,0
5396,-35.38598,-64.28706,738,0
7162,-26.79697,-60.43656,24,0
5355,-32.87926,-62.67191,4,0
2898,-34.00942,-63.92128,729,0
633,-34.64117,-60.48277,1156,0
638,-34.623733,-60.507423,118,0
1973,-32.88179,-61.02178,560,0
4054,-33.59315,-60.35336,8,0
6091,-33.36856,-60.51069,6,0
5524,-33.475,-60.2879,643,0
1904,-32.917675,-62.449972,589,0
7294,-30.94199,-60.65789,745,0
9000,-32.662662,-62.303859,10,0
5977,-33.75506,-60.4408,288,0
5978,-33.75118,-60.44128,4,0
8099,-33.756327,-60.443716,244,0
5831,-37.80237,-63.03973,716,0
5832,-37.70189,-62.90063,6,0
5798,-37.546332,-62.76916,711,0
5833,-37.91062,-62.93826,12,0
1565,-26.5697,-54.75358,781,0
4066,-26.605694,-54.70084,318,0
2346,-26.705844,-54.818233,592,0
2749,-26.659254,-54.736973,320,0
2199,-37.68781,-63.15986,742,0
824,-31.90745,-61.28033,620,0
5879,-33.0476,-61.17342,776,0
10459,-32.787702,-61.601111,176,0
4079,-34.64359,-60.45874,731,0
3408,-29.351245,-59.969982,16,0
1768,-36.3028,-61.71575,742,0
3045,-27.05276,-65.40381,852,0
6800,-33.49484,-60.95351,382,0
2043,-32.02224,-62.92398,991,0
4121,-32.89132,-62.68017,737,0
6426,-39.501717,-62.668937,84,0
165,-35.425,-60.16962,207,0
2958,-37.46866,-61.92951,734,0
8163,-37.01401,-62.41491,88,0
8055,-32.07875,-60.59508,24,0
2130,-31.80419,-59.93917,556,0
1606,-32.0693099667454,-60.6402973743438,553,0
1981,-32.26647,-61.90137,9,0
6258,-32.16994,-60.19279,10,0
6306,-31.5089,-59.8406,5,0
5655,-32.356555,-65.015784,20,0
8149,-31.385829,-60.096117,5,0
7463,-31.84738,-59.95286,10,0
3707,-32.74163333,-65.27815278,838,0
9695,-31.40783,-64.20366,1465,0
4910,-38.00801,-57.70933,844,0
2506,-34.58202,-58.54014,751,0
2244,-32.12934,-61.55132,571,0
10821,-31.658682,-64.409942,654,0
1511,-37.15132,-58.48755,742,0
7836,-33.15986,-64.36792,134,0
3115,-34.86253,-58.38978,238,0
7870,-31.312896,-64.175711,1116,0
5570,-31.401603,-64.176019,158,0
7709,-34.681368,-58.570648,110,0
3366,-34.791891,-58.389099,1360,0
8398,-30.71252,-64.0574,734,0
7257,-31.39552,-58.09904,1103,0
4041,-34.63284,-58.49836,707,0
9396,-32.8815,-68.84267,870,0
245,-33.08564,-63.2728,98,0
5222,-32.745953,-63.3471,720,0
5183,-32.81519,-63.03773,654,0
10219,-32.6283,-62.68496,374,0
11296,-32.84477,-62.86612,8,0
5138,-32.607123,-62.680345,718,0
10350,-32.538003,-62.979085,370,0
5182,-32.84477,-62.86612,531,0
5136,-32.935496,-63.246872,718,0
6678,-37.36105,-64.55239,1073,0
1259,-34.582291,-58.495422,4,0
7000,-36.56135,-56.71641,1513,0
3407,-34.42963,-61.94769,747,0
5489,-33.85182,-59.54761,1190,0
6173,-33.89593,-59.47879,528,0
8277,-32.75781,-68.40517,697,0
3966,-33.011575,-64.172588,4,0
3976,-32.759276,-63.795418,4,0
4133,-32.801052,-63.85687,2,0
2939,-34.633002,-58.37933,116,0
9058,-34.706689,-58.371194,60,0
9081,-34.707323,-58.586257,759,0
5734,-26.8354,-65.18072,840,0
5736,-26.778832,-65.211037,1012,0
5735,-26.870763,-65.306303,876,0
5749,-26.843686,-65.143162,971,0
9970,-26.823438,-65.213657,84,0
6294,-34.523904,-58.484102,44,0
9833,-38.00801,-57.70933,502,0
3989,-31.62633,-58.50725,417,0
10180,-31.62633,-58.50725,328,0
5988,-34.575095,-58.646449,1140,0
10771,-31.311702,-64.278078,276,0
6084,-30.36854,-60.3996,915,0
2795,-34.64246,-58.71672,368,0
908,-37.64984,-59.85999,1121,0
3329,-37.6811,-59.81447,234,0
4738,-33.89887,-60.55377,726,0
3740,-26.78526,-60.43847,898,0
10716,-26.77996,-60.438689,396,0
4768,-38.930138,-69.228927,88,0
4812,-34.56813,-58.46634,772,0
8103,-32.985542,-60.672217,1407,0
6995,-34.691145,-58.526906,6,0
1184,-31.65867,-64.40905,856,0
6279,-34.665043,-58.359609,1544,0
6267,-38.35972,-59.62595,827,0
10705,-34.4646,-58.515154,228,0
4528,-32.019569,-62.924308,128,0
4638,-28.2498,-58.70226,2486,0
8150,-35.16694,-58.22583,414,0
475,-34.50666,-58.68471,864,0
3484,-38.71255,-62.26754,723,0
2146,-34.576013,-58.597239,74,0
8889,-32.955412,-60.650417,126,0
6694,-28.1585,-65.655024,14,0
8663,-34.066963,-60.104956,994,0
4235,-34.06386,-60.07734,1022,0
1954,-38.37312,-60.28021,1710,0
9743,-38.38214,-60.313135,1156,0
6550,-38.159464,-58.788851,1295,0
8415,-38.007572,-57.585834,1221,0
10819,-36.69556,-56.68429,302,0
1793,-31.70894,-65.01689,741,0
4178,-34.492969,-58.498379,113,0
6278,-34.679606,-58.430305,30,0
4509,-31.092774,-61.902856,34,0
139,-42.90752,-71.28829,1423,0
8706,-35.02087,-58.74846,750,0
1694,-45.87574,-67.50167,1291,0
8668,-28.57833,-58.72147,62,0
10946,-34.9291027625198,-58.0874236868086,404,0
5953,-24.6994,-60.59388,928,0
5457,-33.183546,-68.470854,118,0
1433,-33.165094,-68.444698,112,0
10897,-34.78801,-58.21385,238,0
3948,-34.793508,-58.248653,979,0
3951,-34.79213,-58.24976,953,0
3952,-34.78724,-58.2564,985,0
3950,-34.77115,-58.2442,949,0
5134,-34.8931,-58.17164,969,0
9181,-34.814427,-58.227984,802,0
5793,-34.660157,-58.585298,1424,0
5658,-34.5624,-58.579861,974,0
5307,-34.478565,-58.671858,1000,0
714,-34.17453,-59.78887,731,0
5826,-34.17453,-59.78887,124,0
2880,-34.78801,-58.21385,64,0
7432,-34.633144,-58.765195,278,0
813,-34.60792,-58.9546,747,0
814,-34.60323,-58.95074,747,0
809,-34.594137,-58.949277,772,0
812,-34.606923885,-58.958262601,106,0
3687,-32.810141,-61.396667,120,0
1350,-32.89952,-68.83602,708,0
4141,-34.621029,-68.316251,859,0
2771,-32.873819,-68.882886,1077,0
7399,-31.966237,-60.939282,145,0
6123,-31.746889,-60.525064,229,0
3211,-36.857376,-57.871615,629,0
6052,-37.435495,-57.730832,126,0
1372,-35.13755,-61.96809,311,0
6325,-33.885614,-61.69355,38,0
9194,-36.30046,-61.71622,758,0
3154,-36.240025,-61.124035,794,0
11094,-36.56653,-61.75135,16,0
11046,-36.602422,-61.749623,86,0
3132,-36.55256,-61.73602,794,0
3131,-36.602422,-61.749623,714,0
4279,-30.680522,-61.050689,411,0
2501,-31.413965,-64.16608,1338,0
2502,-31.425904,-64.19306,1374,0
4588,-30.713622,-62.004193,1022,0
817,-33.28268,-62.18486,737,0
1998,-34.56824,-58.84927,741,0
6511,-32.93481,-68.8269,8,0
10680,-31.970389,-63.384884,433,0
3040,-26.794493,-65.197619,539,0
2666,-26.794814,-65.197595,738,0
4373,-31.53862,-68.5678,555,0
11044,-31.5554066292676,-68.5675751393672,64,0
9600,-30.9209451867427,-62.676343757077,482,0
3264,-34.62673,-58.491,711,0
1477,-43.29083,-65.4967,718,0
5686,-35.972088,-62.736542,578,0
8553,-25.74022,-59.10836,64,0
9624,-32.75147,-63.78651,106,0
8998,-54.829501,-68.353252,706,0
1860,-38.82795,-68.065148,374,0
10524,-38.82795,-68.065148,80,0
5335,-31.86826,-62.7095,737,0
6038,-32.95925,-60.72196,198,0
2728,-34.58542,-58.43432,180,0
3117,-34.896004,-57.98906,76,0
3804,-34.493205,-58.548766,721,0
3575,-34.620218,-58.411008,1078,0
11096,-34.6579406901372,-58.4708328515501,378,0
7823,-34.813883,-58.112987,1154,0
7813,-34.86156,-58.5655,1265,0
7812,-34.86,-58.56413,1271,0
7824,-34.86628,-58.00323,1168,0
7804,-34.481497,-58.505657,947,0
10325,-34.92568,-57.93377,792,0
3827,-34.44852,-58.57654,1162,0
3603,-34.44869,-58.57722,1162,0
3577,-34.6313,-58.6783,1148,0
3579,-34.62925,-58.55758,1108,0
3571,-34.57637,-58.39094,1096,0
8198,-33.134074,-60.571999,279,0
3825,-34.54138,-58.47375,1088,0
3765,-34.597953,-58.419144,1190,0
3568,-34.588672,-58.450495,1227,0
3762,-34.568864,-58.457372,1080,0
3828,-34.608906,-58.429011,1384,0
3559,-34.5796,-58.40003,1102,0
3759,-34.546514,-58.451933,1094,0
3674,-34.7546,-58.40124,1001,0
3826,-34.482588,-58.490708,457,0
3580,-34.4741213741992,-58.5018963924319,806,0
3798,-34.508482,-58.479044,1110,0
3614,-34.541892,-58.463062,1086,0
3701,-34.911703,-57.954434,846,0
3815,-34.618076,-58.369675,1070,0
6922,-34.628613,-58.688326,1291,0
3586,-34.49751,-58.49742,350,0
3695,-34.93032,-57.95378,841,0
3708,-34.599479,-58.510271,805,0
6491,-34.736342,-58.389995,1017,0
7080,-34.681701,-58.385423,282,0
3829,-37.06578,-57.83757,1125,0
3885,-34.449476,-58.868056,1334,0
8197,-33.782652,-59.644668,387,0
3769,-34.900262,-57.969795,1122,0
3660,-37.10911,-56.87829,1173,0
3820,-34.55919,-58.5049,1100,0
3821,-34.56034,-58.50486,1100,0
3655,-34.682888,-58.344043,1297,0
3570,-34.589289,-58.381423,1076,0
3818,-34.615516,-58.415992,797,0
3622,-34.440106,-58.782852,325,0
3629,-35.52864,-58.01207,1119,0
3809,-34.11047,-59.12373,277,0
3822,-34.677183,-58.33156,1154,0
9575,-32.9271,-60.691139,1334,0
669,-43.295539,-65.092601,1296,0
8735,-43.30821,-65.051181,1286,0
912,-43.297963,-65.104142,1288,0
1593,-34.561644,-59.106161,630,0
3328,-27.570329,-60.711443,745,0
6760,-34.615824,-58.53732,101,0
2497,-34.50748,-58.53578,1023,0
6861,-34.56734,-58.607637,230,0
8041,-27.730365,-64.244563,56,0
7760,-37.244216,-56.972092,926,0
1079,-32.86918,-60.70049,422,0
7857,-32.955558,-60.649322,877,0
1685,-30.73711,-62.00724,8,0
5918,-27.36816,-55.92452,1964,0
7905,-34.980757,-58.082035,335,0
8428,-38.908931,-68.080039,738,0
3625,-34.56881,-59.09519,1088,0
3711,-34.60594,-58.63536,1260,0
11196,-34.55999,-58.48889,236,0
7717,-34.81547,-58.43129,1387,0
8077,-34.82014,-58.467,1000,0
4096,-28.475783,-65.768756,1128,0
6903,-28.470233,-65.792917,88,0
4084,-36.634082,-64.281264,102,0
6801,-33.314319,-66.343915,96,0
6343,-36.608655,-64.280995,218,0
4088,-33.309212,-66.32755,1042,0
4093,-33.293895,-66.343068,96,0
6766,-30.737379,-64.790369,81,0
6765,-30.726087,-64.803044,715,0
5867,-36.893828,-60.320981,1390,0
1607,-34.79728,-58.42305,1115,0
3091,-31.52559,-68.62862,723,0
7884,-34.597938,-58.57937,1120,0
5452,-34.59148,-58.37152,40,0
7829,-34.66553,-58.49096,720,0
7466,-32.946197,-60.646986,806,0
3172,-34.637932,-58.416276,972,0
10475,-32.532301,-58.929684,106,0
2298,-31.9509,-65.18229,768,0
11016,-32.249488,-65.80588,72,0
878,-34.608775,-58.424491,244,0
246,-31.54251,-68.51454,737,0
10124,-35.526484,-57.326839,66,0
9845,-36.499852,-57.309782,565,0
2671,-34.602434,-58.472318,104,0
2928,-34.804961,-58.388437,1387,0
2935,-34.765894,-58.476619,992,0
3163,-34.630746,-58.856544,47,0
1833,-34.81081,-58.63718,310,0
6054,-33.576988,-62.618984,548,0
4393,-40.68128,-66.1592,714,0
7887,-37.865358,-71.049582,544,0
7937,-35.14996,-62.2407,116,0
4647,-32.07432,-60.97269,222,0
3073,-34.66823,-58.41748,829,0
2174,-34.63844,-58.57272,246,0
5284,-34.78264,-58.209734,583,0
2739,-34.62287,-58.43458,106,0
10115,-41.132374,-71.284091,1027,0
3470,-34.533706,-58.718242,610,0
3383,-34.63741,-58.73756,652,0
1414,-51.626381,-69.247882,858,0
5687,-35.991157,-62.701406,258,0
5000,-26.19418,-58.20045,80,0
1317,-33.00563,-68.86776,803,0
4293,-34.638166,-58.582978,125,0
9367,-33.333371,-66.320492,916,0
6682,-32.940834,-60.7257,952,0
6601,-32.84179,-68.81913,6,0
5874,-33.714583,-61.047059,361,0
9612,-34.413758,-58.701735,1135,0
1683,-35.62769,-61.35909,742,0
1931,-34.78623,-58.4544,956,0
3673,-32.14062,-61.978774,960,0
3670,-31.856,-61.585,965,0
10972,-31.89881,-61.84654,166,0
1910,-34.65239,-58.53243,741,0
10985,-35.460906,-60.83927,330,0
8423,-35.452449,-60.876303,954,0
2710,-34.92,-57.91628,731,0
2919,-34.403207,-59.836778,2,0
4001,-34.923958,-57.924123,336,0
10631,-28.490154,-65.796593,256,0
8895,-26.81468,-65.20675,68,0
4094,-27.476258,-58.830238,962,0
11271,-27.4857819993617,-58.8162568217571,114,0
2122,-34.4336660832646,-58.5642652751465,74,0
9879,-26.93865,-60.058594,464,0
7430,-34.80577,-58.43953,718,0
2547,-31.379507,-64.154061,124,0
2549,-31.41214,-64.232248,109,0
9953,-34.666075,-58.600729,326,0
7086,-31.405183,-64.193688,178,0
4106,-31.407809,-64.236371,1023,0
10820,-32.94275,-62.24155,250,0
10522,-36.202803,-61.142656,386,0
10111,-35.361749,-64.487012,588,0
5719,-37.970197,-57.543656,1074,0
2921,-51.62774,-69.22237,708,0
3666,-34.266957,-59.454018,941,0
3671,-34.22913,-59.48594,928,0
2876,-33.28178,-62.17305,32,0
550,-27.49616667,-64.86328333,753,0
6541,-45.88421,-67.51854,954,0
8324,-29.18018,-56.67964,16,0
7615,-35.97464,-62.73451,742,0
8779,-36.22222,-61.10516,726,0
8256,-36.021045,-60.015233,463,0
9757,-27.482834,-58.979196,554,0
3978,-30.035351,-59.53028,240,0
1730,-31.51168,-59.84196,739,0
10790,-38.150198,-58.757359,392,0
6286,-30.24644,-57.65562,743,0
3675,-29.30069,-67.50553,743,0
3287,-36.7531,-62.95898,742,0
3232,-31.39029,-64.1758,12,0
3936,-34.515813,-58.568145,566,0
772,-34.834175,-58.401067,1013,0
1611,-34.40323,-59.82944,778,0
5623,-35.18746,-59.097527,878,0
5786,-34.777593,-62.999506,8,0
210,-27.9152,-55.7384,723,0
212,-27.74575,-55.78205,52,0
182,-34.736901,-58.277766,307,0
521,-33.92155,-61.08351,195,0
7040,-35.07403,-57.52765,627,0
9672,-31.646115,-60.718329,1008,0
10704,-34.639309,-58.518604,488,0
4679,-34.638061,-58.566238,542,0
7165,-34.51097,-58.52614,1326,0
2175,-34.511313,-58.532734,1461,0
7277,-34.44075,-58.58157,796,0
2760,-33.12298,-64.36401,172,0
8167,-31.3707,-64.053095,80,0
793,-33.39482,-63.30233,754,0
7448,-34.821218,-58.641619,1236,0
722,-34.80614,-58.63488,830,0
796,-27.17666,-60.63072,4,0
9403,-43.29083,-65.4967,8,0
6194,-39.280259,-65.669799,602,0
4852,-36.77804,-59.092552,742,0
7716,-36.76353,-59.08993,742,0
5502,-34.45264,-58.57421,502,0
9805,-34.486592,-58.617543,471,0
7288,-31.395739,-64.190336,658,0
10252,-31.395739,-64.190336,724,0
9904,-31.43337,-64.1589,564,0
10262,-29.71696,-57.08515,80,0
6492,-31.7637938680717,-60.4447878418646,483,0
6057,-36.42993,-56.91639,462,0
2007,-33.28147,-62.17886,737,0
2006,-31.3432,-64.22535,729,0
2010,-33.12011,-62.09341,737,0
7597,-32.68858,-62.093,737,0
2252,-32.3697361839576,-62.3068601352726,32,0
7599,-32.94516,-62.22499,16,0
2268,-32.79806,-63.24362,24,0
8684,-33.20996,-62.59494,737,0
2005,-33.10729,-61.69932,717,0
7083,-34.76392,-58.63708,795,0
9375,-32.990178,-58.523496,149,0
4037,-24.23344,-64.86411,795,0
6724,-26.810498,-65.191549,90,0
2785,-34.534882,-58.509322,393,0
6973,-34.458244,-58.566973,967,0
4819,-34.4646,-58.515154,396,0
11049,-26.815549,-65.249303,96,0
6518,-32.9591,-68.79003,12,0
2981,-32.88459,-68.81399,789,0
2486,-32.90452,-68.839272,11,0
8061,-27.791259,-64.266683,78,0
6723,-31.61703,-58.49776,1274,0
9697,-34.391446,-58.715183,849,0
6284,-34.380625,-58.750221,1104,0
371,-34.405606,-58.769884,1238,0
8049,-34.60095,-60.96143,806,0
8032,-31.42563,-64.14852,727,0
1639,-33.241311,-60.63517,208,0
203,-33.26428,-60.70532,698,0
2933,-33.80725,-61.33382,159,0
10043,-33.80725,-61.33382,312,0
3889,-27.6829,-60.91223,745,0
632,-34.611858,-58.442616,517,0
2408,-38.051447,-57.560511,790,0
7555,-33.8189,-59.51439,723,0
251,-28.44959,-65.72266,724,0
7105,-33.156119,-59.316618,8,0
214,-31.732873,-60.456294,800,0
223,-31.737744,-60.526945,796,0
9853,-31.94817,-65.05285,472,0
4263,-31.39921,-61.08229,1134,0
4696,-26.34005,-60.42957,729,0
8200,-31.533927,-68.545634,722,0
8738,-31.81576,-68.32842,656,0
8657,-31.66801,-68.39174,775,0
6015,-31.52039,-68.56756,314,0
6014,-31.52037,-68.5565,735,0
8348,-34.595253,-58.451369,686,0
3772,-27.482909,-58.78238,1204,0
1924,-34.81079,-58.542162,42,0
6680,-32.921747,-60.675087,43,0
1894,-34.548098,-58.468477,20,0
2070,-34.773234,-58.267362,48,0
1927,-34.641794,-58.624368,45,0
1902,-34.59787,-58.4057,4,0
6640,-34.39814,-58.65099,38,0
6681,-34.475557,-58.574679,42,0
6913,-34.48951,-58.484827,16,0
1928,-38.01948,-57.57122,38,0
1920,-34.679108,-58.55017,42,0
2086,-31.36437,-64.22483,52,0
1898,-34.559177,-58.445164,16,0
1937,-32.957113,-60.640693,40,0
1918,-34.610616,-58.410126,18,0
2084,-31.43337,-64.1589,40,0
1915,-34.640861,-58.389601,46,0
6035,-34.768672,-58.396358,44,0
2074,-34.49912,-58.54305,44,0
5488,-38.006026,-57.56107,38,0
1945,-34.48593,-58.615328,44,0
1909,-34.639309,-58.518604,42,0
2094,-34.45575,-58.8978,46,0
1940,-38.75249,-62.28361,54,0
2258,-51.62845,-69.20103,889,0
10299,-34.701693,-58.401313,778,0
10739,-38.55278,-58.730003,430,0
7097,-38.55278,-58.730003,424,0
4012,-25.972029,-54.562659,1062,0
4013,-26.018816,-54.585114,1064,0
4014,-34.6216861603699,-58.3912946278594,1070,0
5276,-35.982871,-62.726795,999,0
3184,-34.61105,-60.95844,204,0
8093,-48.74707,-70.260051,710,0
8092,-49.30625,-67.72952,718,0
413,-49.29628,-67.78323,722,0
7681,-32.426582,-63.737655,1188,0
1692,-45.862553,-67.497041,1058,0
4974,-32.85112,-61.2608,6,0
8933,-31.388261,-64.216281,78,0
5373,-33.377773,-61.712619,245,0
9397,-24.828776,-65.430137,957,0
10741,-32.610132,-62.690632,310,0
1301,-31.34722,-64.27083,1238,0
9193,-30.846111,-64.966914,642,0
4190,-30.70731,-64.056655,62,0
3838,-27.43944,-59.01468,741,0
5207,-37.080982,-57.831321,446,0
7016,-26.81384,-60.41675,745,0
8884,-36.22259,-64.27767,736,0
172,-34.40728,-58.7298,843,0
8269,-31.25019,-61.50571,862,0
10567,-31.56746,-59.96021,1945,0
2090,-31.78109,-60.46074,741,0
2095,-31.56746,-59.96021,735,0
10358,-32.911071,-64.022377,430,0
10353,-33.040976,-63.511739,422,0
10356,-33.03202,-63.67827,428,0
8940,-33.08564,-63.2728,502,0
4639,-25.49411,-64.97886,4,0
4642,-25.38358,-64.69004,6,0
4641,-24.74362,-64.2003,6,0
6885,-25.344887,-64.021844,4,0
7051,-47.02535,-67.24789,190,0
1076,-26.82124,-55.0233,722,0
10953,-26.588125,-62.846032,148,0
8250,-27.65692,-62.425166,906,0
9856,-27.65672,-62.40886,320,0
7767,-26.68089,-61.81761,872,0
2092,-34.59222,-67.87814,716,0
3929,-33.31332,-60.60215,810,0
6387,-34.65942,-58.63557,2070,0
1765,-34.636108,-58.786519,2014,0
8671,-34.608917,-58.868396,1785,0
1760,-34.648163,-58.796726,2129,0
4251,-30.944519,-61.559551,623,0
9812,-34.634061,-58.811612,1548,0
1757,-34.631774,-58.740351,2211,0
6580,-34.7494,-58.61112,2014,0
2085,-34.603989,-60.965011,124,0
10089,-34.603989,-60.965011,9,0
218,-24.68763,-65.04547,949,0
3159,-28.46074,-65.80091,739,0
10930,-40.81344,-63.01938,120,0
6348,-37.312441,-59.114254,632,0
1576,-31.36216,-64.20395,808,0
4959,-38.02097,-57.60369,1150,0
3101,-37.46095,-61.93721,734,0
3963,-24.71948,-65.40527,740,0
703,-32.48535,-58.241402,893,0
696,-33.010781,-58.51236,802,0
693,-33.194338,-59.257754,808,0
690,-33.135758,-59.314301,899,0
6262,-33.02295,-58.536632,620,0
6657,-37.452788,-61.93343,846,0
2264,-45.590382,-69.071424,1185,0
3371,-38.9411,-67.99682,732,0
7284,-34.73622,-58.49979,409,0
1867,-34.70847,-59.48808,745,0
9936,-24.119626,-65.404903,394,0
7261,-33.455855,-58.802047,36,0
2554,-33.49614,-64.31003,737,0
8956,-33.087257,-60.636117,792,0
11450,-38.0105075278499,-57.6307302183231,74,0
8385,-24.252132,-65.206027,70,0
7715,-24.190489,-65.295937,28,0
694,-43.25664,-65.300963,56,0
2604,-34.700268,-58.699451,889,0
7337,-31.460239,-64.20119,97,0
7696,-31.64964,-60.70402,628,0
8672,-41.13839,-71.32581,728,0
2317,-33.0095,-58.53652,648,0
1673,-38.955,-68.04907,733,0
1671,-40.042692,-70.072153,750,0
6528,-33.12672,-59.32314,90,0
4167,-31.76614,-60.52746,733,0
787,-26.186982,-58.180517,780,0
11055,-26.18831,-58.214191,104,0
7772,-26.23639,-58.247178,782,0
1355,-45.863051,-67.516387,1371,0
1353,-45.862415,-67.516482,1375,0
1357,-45.599522,-69.069123,1002,0
5235,-42.77254,-65.04019,728,0
10913,-34.5069406533816,-59.0921329456371,164,0
7998,-28.518761,-59.039433,745,0
9561,-38.754673,-62.203338,158,0
7962,-38.95673,-68.22963,738,0
1256,-38.95564,-68.2217,760,0
8732,-31.921021,-63.676774,1071,0
6455,-34.671391,-58.594979,66,0
8395,-38.04079,-57.54261,1366,0
482,-28.46884,-62.82458,96,0
479,-28.45755,-62.83934,741,0
1096,-28.93744,-59.56072,725,0
9520,-28.45755,-62.83934,528,0
9621,-28.46884,-62.82458,291,0
5511,-34.510756,-61.520122,829,0
6497,-34.487324,-58.619184,1078,0
2152,-34.715764,-58.298247,1058,0
9170,-33.455855,-58.802047,1128,0
11437,-34.554204,-59.096745,128,0
11128,-34.414206,-58.846754,406,0
10003,-34.809697,-58.173823,1132,0
6647,-34.644847,-58.787951,1816,0
1346,-38.02854,-57.58311,1756,0
1339,-34.63608,-58.78591,2125,0
1340,-34.622919,-58.775463,2132,0
1334,-34.634659,-58.667564,2077,0
1332,-34.672854,-58.561108,2114,0
1453,-34.65562,-58.523646,964,0
5310,-34.723508,-58.270544,870,0
11323,-35.0729820593415,-58.0833108083236,22,0
5312,-34.725495,-58.301804,862,0
10231,-34.681701,-58.385423,456,0
11033,-34.747581,-58.22571,196,0
9416,-27.4435,-55.874944,794,0
3085,-27.371128,-55.897692,1036,0
9198,-33.00897,-68.65004,641,0
291,-31.349342,-64.33693,508,0
3094,-33.08067,-68.42879,326,0
3087,-33.05642,-68.54952,398,0
1139,-33.189916,-68.461296,248,0
7834,-37.99028,-57.6079,90,0
995,-30.7458,-59.57946,751,0
5308,-30.710926,-62.00402,1097,0
8997,-33.459986,-61.510504,80,0
10136,-34.50313,-58.52915,322,0
4103,-31.445373,-64.211992,1482,0
133,-32.86234,-60.701866,732,0
1610,-34.68515,-58.40936,464,0
6232,-34.819017,-58.464783,12,0
1932,-38.366312,-60.293948,264,0
6328,-38.020642,-60.111734,48,0
3071,-32.9304,-60.72463,1341,0
7718,-37.97795,-57.58036,1324,0
8038,-37.322962,-59.131162,1095,0
10490,-33.0549044,-61.1608868,446,0
11017,-35.38862,-58.80912,8,0
5395,-42.78589,-65.03244,728,0
1772,-34.71997,-58.59711,936,0
1762,-34.733958,-58.602489,1073,0
7872,-34.754864,-58.196688,1149,0
8287,-38.549666,-58.74502,953,0
10080,-37.787764,-58.835055,624,0
6814,-38.52789,-58.759807,982,0
7994,-34.44789,-58.698606,957,0
10529,-47.022275,-67.252638,304,0
9165,-31.361787,-64.176317,1361,0
10526,-31.41455,-64.50346,80,0
10411,-37.675269,-59.806722,46,0
8934,-37.675422,-59.80502,1026,0
2778,-32.88972,-68.81499,695,0
4850,-27.732214,-64.237367,1000,0
5766,-34.785858,-58.627508,96,0
808,-34.627382,-58.390991,34,0
9950,-36.40971,-63.42113,760,0
10058,-34.67256,-63.36987,755,0
1612,-34.72786,-58.27845,741,0
5813,-38.71556,-61.29167,1206,0
977,-34.80219,-58.3755,845,0
8468,-26.33724,-60.40649,626,0
3206,-32.897974,-68.828539,120,0
6506,-32.71963,-68.610868,108,0
6340,-32.03378,-60.31093,951,0
1217,-29.49827,-59.75124,374,0
1289,-26.40861,-54.60369,722,0
1293,-26.42466,-54.64579,721,0
1299,-26.476965,-54.71058,590,0
1162,-34.49681,-58.58202,929,0
1681,-34.89225,-58.57021,1366,0
10208,-32.924678,-62.451201,332,0
244,-27.47166,-55.74543,709,0
3886,-27.16973,-65.48951,127,0
11088,-31.6648,-63.05368,354,0
8421,-31.875504,-62.716709,1048,0
10209,-31.931971,-62.462222,242,0
7322,-31.85654,-62.72296,1048,0
4748,-30.426233,-64.339231,1060,0
9918,-27.678872,-60.888305,580,0
9673,-27.482056,-65.619677,276,0
4280,-27.5893,-65.61405,68,0
5919,-27.796,-64.25074,244,0
5984,-27.784401,-64.265823,262,0
6889,-33.12122,-62.2994,737,0
2884,-31.35852,-64.25194,899,0
2936,-31.40233,-64.46938,785,0
5654,-34.65683,-58.76135,805,0
5653,-34.65763,-58.75999,905,0
5652,-34.666963,-58.757435,316,0
7352,-32.935223,-60.698647,128,0
1429,-32.891718,-68.829328,130,0
4429,-31.76215,-61.32144,726,0
4573,-31.44721,-60.91355,1266,0
10390,-34.7045868,-58.616545,567,0
2053,-34.928474,-57.910446,212,0
8783,-34.79318,-61.89187,48,0
9597,-34.869372,-61.531609,893,0
7011,-32.38236,-59.790231,821,0
9238,-29.718613,-57.087851,704,0
10081,-31.405712,-64.229296,390,0
224,-30.536566,-61.951968,507,0
6029,-35.811971,-61.886688,1088,0
4643,-35.163798,-58.221066,330,0
3635,-33.35069,-60.23736,776,0
10724,-34.876307,-58.075526,242,0
3314,-34.44103,-58.58436,902,0
3200,-30.737792,-59.641364,6,0
1494,-33.00454,-68.64543,703,0
8352,-33.005651,-60.787195,482,0
9598,-31.5383,-68.55367,585,0
7388,-26.824215,-65.207719,793,0
7147,-31.39823,-64.18681,194,0
10968,-34.7099,-58.366622,64,0
3819,-30.86758,-64.53378,890,0
10929,-35.030647,-58.72476,216,0
6702,-38.14406,-65.91695,8,0
5645,-27.58694,-66.3053,24,0
7749,-34.454715,-58.915367,236,0
2202,-34.586399,-58.560458,1086,0
4769,-31.243567,-59.208438,12,0
891,-31.73043,-60.53262,733,0
896,-31.74107,-60.49431,733,0
9030,-31.407823,-64.173051,97,0
9709,-34.673961,-58.501216,894,0
6953,-26.8564,-65.21746,167,0
1478,-37.97727,-61.38309,1036,0
3376,-33.22834,-60.46054,729,0
4693,-34.0034495857466,-61.6060894146116,8,0
2649,-27.78511,-64.269642,80,0
3796,-33.14865,-59.30996,743,0
2714,-33.67966,-65.46312,577,0
3205,-34.8127,-58.42201,712,0
2703,-33.27396,-68.31596,450,0
6841,-32.32061,-64.28316,20,0
7202,-37.15406,-63.24661,547,0
6369,-33.29718,-66.27564,731,0
9355,-35.04881,-58.09263,483,0
967,-24.80579,-65.41996,795,0
802,-45.794258,-67.491911,924,0
4155,-33.108663,-64.339629,794,0
804,-45.8008,-67.42454,902,0
1203,-24.96397,-65.48866,749,0
2660,-43.25513,-65.30718,718,0
164,-24.78667,-65.40282,741,0
279,-33.1464,-59.31432,765,0
2139,-32.93535,-60.65803,759,0
7117,-33.68742,-65.46529,1196,0
7385,-34.505115,-58.533998,1155,0
4968,-34.508567,-58.521204,1180,0
7543,-33.114684,-64.381774,976,0
153,-32.85188,-68.84037,699,0
1385,-32.84699,-68.84009,705,0
5302,-33.69934,-61.61824,742,0
1678,-32.86135,-68.8096,765,0
5590,-37.98664,-61.35566,86,0
8298,-34.708,-58.45797,543,0
1247,-34.606818,-58.485501,1135,0
385,-31.45027,-64.20023,871,0
163,-31.761629,-60.522309,836,0
136,-31.7223,-60.51522,950,0
9398,-24.235944,-64.87209,656,0
2902,-38.93749,-67.98633,194,0
8803,-27.77265,-65.5852,464,0
6693,-33.1162,-60.540579,228,0
3410,-34.30205,-61.30405,578,0
1873,-34.55503,-58.49584,710,0
5420,-31.67306,-61.07891,389,0
1432,-31.24528,-61.21023,733,0
2170,-31.335815,-64.176303,784,0
5295,-31.336674,-64.175758,80,0
1328,-43.30634,-65.70559,718,0
8140,-34.49836,-58.5192,899,0
2277,-31.654344,-60.721287,1081,0
7605,-34.931576646174,-57.8937717744827,727,0
3555,-25.49828,-64.98124,745,0
518,-34.55999,-58.48889,711,0
7601,-32.91101,-68.87111,726,0
549,-34.59926,-58.41041,888,0
7839,-34.566623,-58.560825,812,0
6674,-31.274856,-64.463606,703,0
8127,-25.81379,-62.84002,753,0
4460,-34.58389,-58.47823,707,0
8377,-33.033237,-68.878061,512,0
4007,-24.68027,-65.10156,558,0
1017,-26.81191,-65.30034,740,0
3990,-37.96168,-57.61865,812,0
10268,-24.842013,-65.492603,56,0
6746,-24.79711,-65.43263,731,0
4193,-34.678,-58.72716,791,0
9847,-27.34913,-65.60624,558,0
7636,-36.22207,-65.42869,740,0
5817,-40.18497,-62.62018,32,0
6808,-24.80784,-65.40584,837,0
3731,-25.12354,-64.12305,745,0
3247,-27.77265,-65.5852,350,0
2727,-51.03022,-70.77821,196,0
3337,-34.46928,-59.38908,735,0
1728,-32.961259,-68.866845,686,0
3097,-33.17833,-68.61246,507,0
3630,-34.75004,-58.70248,743,0
7108,-32.81186,-60.71775,574,0
6538,-27.12508,-65.46781,424,0
5792,-27.907897,-63.899415,936,0
7770,-32.369555,-61.088434,212,0
5572,-26.83842,-65.21142,198,0
7923,-31.33529,-64.20786,722,0
9688,-34.64604,-58.46665,642,0
5098,-32.47849,-58.24372,622,0
7219,-34.75353,-58.61362,813,0
3480,-31.411433,-64.245174,914,0
2430,-32.86718,-59.32972,18,0
4022,-30.364339,-61.910424,686,0
6989,-27.822206,-64.25444,1344,0
6192,-37.79091,-59.84295,6,0
309,-31.400924,-64.22458,1254,0
2236,-34.685069,-58.47882,840,0
6566,-27.48394,-54.96182,10,0
2915,-32.03113,-61.21901,733,0
184,-40.10527,-64.4542,722,0
7407,-30.29677,-61.22211,733,0
1496,-31.85532,-61.58112,733,0
3048,-30.94179,-61.54229,733,0
7462,-29.194985,-59.226395,16,0
922,-32.85818,-60.7044,774,0
6107,-34.746989761434,-58.3658477228927,10,0
9774,-33.12298,-64.36401,846,0
6703,-26.83308,-65.19584,938,0
10996,-26.807655,-65.257147,120,0
6865,-26.81304,-65.22884,968,0
1036,-32.939,-60.67858,883,0
4107,-27.474827,-58.846669,1192,0
8550,-31.56659,-68.53422,741,0
8549,-31.56244,-68.45492,743,0
751,-32.94808,-60.7107,811,0
9176,-31.463169,-64.168969,786,0
9512,-31.379635,-64.244425,576,0
8359,-31.459941,-64.107821,823,0
1384,-34.502407,-58.714284,1684,0
6954,-34.600079,-58.56187,1118,0
3174,-32.950478,-68.723297,564,0
8713,-27.809946,-64.266467,1164,0
6768,-34.74335,-58.43025,759,0
2590,-31.355809,-64.244343,1399,0
10441,-34.765024,-58.403818,566,0
3747,-34.618063,-58.381766,1074,0
2911,-32.43942,-63.24851,428,0
464,-34.81017,-58.44812,832,0
1605,-34.72801,-58.41964,749,0
7805,-34.765024,-58.403818,472,0
5153,-35.979672,-62.743932,148,0
5154,-35.96033,-62.74032,12,0
10377,-34.57318,-60.9668,160,0
6378,-34.424571,-58.578514,943,0
6372,-34.472458,-58.555797,973,0
8246,-31.37779,-64.16448,1516,0
8247,-31.40092,-64.16087,1468,0
156,-26.8531,-65.22399,27,0
8635,-31.386017,-64.279179,793,0
9869,-31.393642,-64.211468,146,0
533,-31.341084,-64.255038,1344,0
9579,-34.657161,-58.562702,817,0
3241,-43.30346,-65.09284,24,0
596,-27.06403,-65.399233,448,0
591,-27.17267,-65.49057,10,0
9840,-27.17267,-65.49057,548,0
6741,-27.03368,-65.30681,320,0
8048,-27.056067,-65.23679,474,0
7318,-27.039248,-65.296105,552,0
1444,-34.48859,-58.69348,931,0
1821,-34.524621,-58.681289,1447,0
5917,-34.452591,-58.944724,1238,0
5717,-34.631319,-58.426025,678,0
6955,-34.520317,-58.75457,1303,0
11020,-31.931971,-62.462222,290,0
8307,-34.838913,-58.38153,1430,0
10911,-31.559843,-68.513425,144,0
2525,-46.798999,-67.960328,912,0
9105,-43.28517,-65.49439,660,0
1119,-34.582669,-58.490977,613,0
1614,-34.759086,-58.205168,927,0
4394,-34.531808,-58.479669,202,0
8180,-26.33881,-54.6179,224,0
4361,-24.79547,-65.39623,751,0
2895,-34.64053,-58.41252,1245,0
8380,-31.46866,-58.15214,869,0
4431,-32.94275,-62.24155,351,0
5432,-34.265935,-62.71115,4,0
1482,-34.45375,-58.52564,899,0
2198,-35.112916,-60.500672,156,0
4873,-31.134274,-60.989048,350,0
9581,-31.148777,-60.920437,523,0
10789,-34.350998,-59.218036,252,0
6151,-31.62772,-60.6914,114,0
4885,-29.22237,-61.74265,733,0
5214,-32.90452,-60.9132,8,0
6872,-36.22706,-61.11106,1188,0
8203,-38.978699,-67.822682,930,0
5264,-34.65089,-58.46788,544,0
9813,-34.632283,-58.62624,1496,0
10675,-34.626204,-58.876148,907,0
10610,-34.633058,-58.726475,1002,0
8281,-34.628707,-58.743795,2149,0
11281,-34.35202,-58.80401,338,0
8449,-32.69191,-58.88311,12,0
9239,-27.768719,-64.271661,712,0
8007,-27.74358,-64.24335,728,0
5393,-32.56753,-65.20493,686,0
3277,-30.32052,-61.22939,574,0
1310,-30.76153,-57.98142,749,0
6552,-32.37185,-61.35826,220,0
7353,-32.38103,-61.35572,673,0
1698,-33.25861,-60.38275,779,0
10446,-34.63308,-58.79108,430,0
6077,-33.363752,-60.252441,828,0
9778,-31.44965,-64.5071,204,0
3240,-34.52892,-58.48058,751,0
10408,-30.7625493,-57.9822149,658,0
7491,-38.088632,-57.544509,78,0
10969,-31.4677371443127,-64.1481470839501,8,0
9933,-31.452512,-64.147998,432,0
9001,-31.459992,-64.107739,553,0
5152,-34.603435,-58.461592,1096,0
3090,-31.466757,-64.223385,710,0
1660,-31.60608,-60.67635,721,0
5370,-43.266235,-65.300456,119,0
7966,-34.59247,-58.56104,698,0
2899,-34.797445,-58.232292,880,0
7918,-34.944101,-57.9667,872,0
1050,-34.64288,-58.71663,885,0
8892,-43.258467,-65.323548,793,0
8202,-34.588673,-58.51977,472,0
7977,-33.720024,-62.239597,85,0
1953,-23.13437,-64.32321,753,0
4252,-37.459672,-61.928361,2,0
1442,-33.89927,-60.55228,29,0
10281,-34.510049,-58.524386,484,0
3425,-34.918346,-57.956557,8,0
5251,-32.23625,-63.98567,40,0
2837,-34.665641,-58.723537,166,0
10523,-34.65563,-58.6133,308,0
1529,-32.99111,-68.6875,695,0
4206,-39.16238,-66.13859,706,0
7449,-31.42876,-62.09765,332,0
6802,-36.021495,-59.109309,742,0
5338,-32.63137,-62.69268,729,0
7922,-33.101833,-58.643485,1118,0
11157,-34.177474,-58.94283,50,0
9386,-31.721701,-60.546268,922,0
10944,-34.369886,-58.759896,150,0
8989,-32.97045,-60.715308,1204,0
9855,-34.63736,-58.55289,834,0
9779,-34.16298,-58.96253,729,0
9770,-34.646056,-58.409277,636,0
10998,-34.438989,-58.800209,180,0
10305,-33.50661,-60.1393,420,0
10067,-37.156618,-56.93026,516,0
10166,-32.933857,-60.820378,536,0
10155,-34.281412,-58.894379,522,0
10678,-34.948438,-58.464216,374,0
9024,-31.518398,-60.681901,796,0
3739,-26.8127,-60.41502,792,0
8056,-38.94458,-67.99113,934,0
1479,-33.628844,-64.020377,978,0
1473,-33.157637,-64.383488,974,0
11343,-33.4857398617321,-64.4186256523708,58,0
2190,-38.709351,-62.257074,1124,0
2743,-32.912806,-68.845411,510,0
6081,-34.624012,-58.558099,1084,0
3725,-32.89483,-68.84298,1180,0
3718,-32.8815,-68.84267,168,0
3549,-31.238935,-63.060584,6,0
10471,-43.861706,-69.050428,94,0
3321,-34.48267,-58.63606,827,0
8220,-29.406471,-66.833693,2,0
4682,-34.70227,-58.37631,1080,0
3046,-34.65997,-59.43439,743,0
5336,-27.22286,-61.19149,154,0
5337,-27.2195,-61.19436,184,0
2330,-39.91438,-62.61995,590,0
2332,-39.88704,-62.66406,784,0
9829,-34.37769,-59.82716,132,0
7981,-28.26061,-58.11186,881,0
8280,-34.500768,-58.643442,908,0
4218,-45.69033,-70.25643,706,0
10010,-35.62695,-61.36678,310,0
3933,-34.584506,-58.454385,118,0
1415,-39.94443,-71.07327,734,0
929,-26.822054,-65.231922,856,0
1591,-26.8362802557747,-65.2404098258858,876,0
8715,-33.54293,-60.09894,958,0
7124,-34.67323,-58.36168,488,0
9896,-30.005295,-59.524937,414,0
3506,-26.843438,-65.207614,1262,0
5542,-32.365931,-61.34568,725,0
5367,-23.82564,-64.79965,752,0
3467,-23.79763,-64.78707,783,0
3997,-31.44416,-64.18698,24,0
8054,-28.556702187493,-66.8131417714138,714,0
8261,-27.65395,-67.02966,704,0
8260,-29.166604,-67.49846,717,0
4763,-29.398805,-66.814932,758,0
8075,-33.11192,-60.56325,314,0
2748,-31.9184840317176,-63.6783569284943,48,0
4046,-32.46986,-58.47819,895,0
2141,-31.674121,-61.755631,729,0
10348,-26.19418,-58.20045,466,0
7638,-36.53294,-56.71458,738,0
8466,-31.0074,-64.26529,14,0
493,-33.66196,-65.45709,735,0
9775,-31.54006,-60.68811,726,0
8397,-24.21038,-65.27972,747,0
5054,-34.487603,-58.725292,916,0
8315,-34.775885,-58.424345,152,0
8166,-34.52768,-58.69092,658,0
6664,-34.86825,-57.90905,817,0
9758,-33.31405,-60.6019,402,0
4310,-34.997118,-58.033157,1114,0
727,-34.91589,-57.91574,727,0
1599,-34.60795,-58.48041,707,0
6183,-34.54481,-58.73036,801,0
7084,-34.764485,-58.368306,340,0
2522,-38.98476,-64.112128,10,0
6301,-40.09857,-64.46941,10,0
6302,-40.730699,-65.006194,10,0
7575,-26.828121,-65.218196,5,0
8037,-34.183304,-58.942627,786,0
8105,-32.820537,-61.394431,790,0
9445,-28.051403,-56.013248,656,0
9360,-26.738729,-65.257516,328,0
6606,-26.87972,-65.16572,747,0
6611,-26.87972,-65.16572,739,0
9184,-27.176099,-64.481929,690,0
3275,-34.246265,-59.46213,448,0
3850,-34.742007,-58.26988,394,0
4189,-30.422413,-64.342276,24,0
4075,-28.54726,-56.0441,745,0
1531,-34.64919,-58.65322,435,0
3545,-31.05051,-64.49919,589,0
8736,-29.413973,-66.847852,768,0
5602,-32.336295,-65.205417,296,0
3142,-33.133731,-64.352734,448,0
7246,-33.31405,-60.6019,202,0
2687,-34.63308,-58.79108,474,0
1655,-38.01511,-59.26035,892,0
6774,-27.738566,-64.247164,64,0
1287,-34.597654,-58.423871,10,0
135,-27.34913,-65.60624,741,0
158,-34.61817,-58.53166,153,0
2789,-32.901885,-68.760231,1164,0
6570,-34.753941,-58.420525,118,0
3613,-34.65122,-58.48211,707,0
1644,-34.706023,-58.415852,896,0
4793,-27.80937,-64.248281,852,0
4791,-33.14896,-59.30056,857,0
3047,-33.099372,-68.478646,80,0
6126,-51.53624,-72.33384,698,0
6753,-46.55041,-71.62767,8,0
2189,-34.63663,-58.59198,775,0
6248,-46.593,-70.92727,284,0
10057,-46.584188,-70.921305,352,0
9740,-35.48828,-62.97843,8,0
8210,-34.927754,-57.953964,958,0
2805,-34.950468,-57.903292,302,0
6165,-26.834384,-65.23434,124,0
7582,-34.40912,-58.73039,432,0
3924,-34.41756,-58.72458,1288,0
6318,-26.81619,-65.14284,894,0
5467,-26.82316,-65.17045,1022,0
2387,-34.638567,-58.506238,22,0
6180,-34.648702,-58.579041,1214,0
2519,-34.56223,-58.59218,664,0
3231,-34.499072,-58.552276,102,0
1420,-32.97903,-60.67006,369,0
9035,-34.82217,-58.4402,150,0
944,-34.82258,-58.38901,857,0
10168,-36.88586,-60.301804,404,0
8186,-33.2377,-60.3303,1226,0
3910,-34.559373,-58.56822,155,0
4786,-33.736548,-61.963219,174,0
4785,-33.75874,-61.97159,174,0
5634,-34.537374,-58.792989,1048,0
627,-34.622171,-58.385952,74,0
1519,-34.44688,-58.90315,1596,0
1374,-34.606223,-58.413961,138,0
2162,-34.56584,-58.51333,72,0
2160,-34.54487,-58.52652,798,0
1582,-34.70557,-58.40525,839,0
7985,-34.960279,-57.972183,22,0
3504,-34.87312,-58.38911,1120,0
8125,-34.74599,-58.39331,670,0
7065,-32.851207,-68.860129,132,0
4600,-32.42451,-63.24386,812,0
4598,-32.39012,-63.24174,899,0
4603,-32.427173,-63.312793,786,0
6200,-32.434925,-63.180742,802,0
4595,-32.42678,-63.19923,898,0
3233,-34.71792,-58.3937,855,0
8289,-34.66209,-58.51717,853,0
3682,-34.63464,-58.5276,162,0
4513,-34.78095,-59.67784,503,0
9443,-27.461495,-55.84025,142,0
10746,-40.09857,-64.46941,240,0
5567,-35.438474,-58.81582,1050,0
8896,-27.805882,-64.259899,805,0
1011,-34.86692,-58.5027,1044,0
6404,-35.91377,-64.30202,894,0
1569,-34.55076,-58.49933,737,0
8726,-33.90105,-61.10983,741,0
7111,-34.665823,-58.368924,860,0
1318,-34.68396,-58.51733,1014,0
7112,-34.62952,-58.44309,168,0
7375,-34.660546,-58.375201,286,0
8903,-34.453383,-58.576043,286,0
5777,-34.062579,-60.094228,835,0
1567,-34.57291,-58.55211,14,0
4876,-34.65397,-58.52932,15,0
9029,-38.561,-58.73132,1225,0
10319,-36.77694,-59.82342,661,0
782,-34.617357,-58.378189,123,0
2380,-34.595876,-58.444193,127,0
4946,-31.625743,-60.604532,1188,0
3293,-37.97303,-63.59715,734,0
9077,-33.002417,-60.617877,142,0
10260,-34.635984,-58.763227,424,0
10915,-34.6216861603699,-58.3912946278594,34,0
7440,-34.742702,-58.398772,1169,0
9945,-34.63383,-60.47144,579,0
7164,-23.151737,-64.326711,2,0
3295,-24.797719,-65.397796,74,0
3292,-24.81553,-65.42439,811,0
3297,-24.67493,-65.05001,749,0
10879,-31.40482,-62.62767,146,0
10384,-31.381975,-63.450742,298,0
10685,-31.381975,-63.450742,152,0
10816,-31.41613,-62.09473,304,0
6198,-34.70967,-58.375366,108,0
3732,-27.779187,-64.274198,16,0
6890,-34.759614,-58.358511,884,0
6744,-34.97766,-67.4899,1169,0
10604,-30.418425,-64.34636,45,0
1281,-31.41836,-64.17629,1203,0
2227,-34.651436,-58.533032,10,0
9191,-32.712837,-61.912013,588,0
10265,-27.822414,-64.234471,551,0
2704,-31.899083,-61.845862,487,0
7846,-37.88309,-67.80005,720,0
7845,-37.90167,-67.86101,722,0
7727,-26.844789,-65.19991,710,0
10982,-26.80819,-65.26264,112,0
3158,-26.861957,-65.219441,729,0
10496,-34.8098,-58.4009,378,0
1706,-34.8098,-58.4009,165,0
10352,-32.833229,-68.833162,376,0
8674,-33.237015,-62.399008,237,0
5748,-33.7341,-69.12364,707,0
5745,-33.59083,-69.01605,709,0
5747,-32.60837,-66.78005,1414,285.8
3361,-32.197683,-61.71226,864,0
6849,-33.34641,-63.72415,764,0
11254,-33.68742,-65.46529,20,0
9529,-33.718064,-62.245365,54,0
7603,-31.980632,-64.551513,804,0
769,-31.636026,-60.702021,60,0
759,-31.602882,-60.707263,260,0
292,-32.37796,-59.79407,1404,0
7827,-37.25271,-56.978203,78,0
7554,-34.900806,-57.994464,710,0
4516,-34.63701,-58.38675,534,0
8146,-33.294637,-66.348678,514,0
6370,-33.298795,-66.332933,90,0
4810,-34.605377,-58.586054,92,0
4803,-34.638952,-58.655487,910,0
4430,-36.01117,-59.105484,44,0
8749,-34.972752,-58.381939,944,0
5850,-30.94683,-59.78889,906,0
5849,-30.98681,-59.6596,1075,0
3996,-31.63366,-60.7136,737,0
3789,-31.636163,-60.694994,8,0
4247,-28.629495,-65.128767,830,0
7125,-34.93582,-57.935577,504,0
8209,-34.50281,-58.53977,1283,0
7910,-38.94717,-68.07576,1332,0
9555,-39.16238,-66.13859,1912,0
11246,-41.10465,-71.44059,336,0
7586,-38.626962,-68.300412,1360,0
9751,-39.092355,-67.088155,1174,0
8208,-38.836064,-68.127548,2198,0
7782,-38.35212,-68.78738,2146,0
9485,-39.026899,-67.563209,1206,0
10494,-38.94458,-67.99113,792,0
10021,-38.35212,-68.78738,1818,0
7909,-38.95226,-68.02422,1456,0
9458,-38.830592,-68.075007,112,0
7585,-38.71093,-68.16626,1362,0
10049,-38.954849,-68.084032,914,0
9745,-33.203828,-64.431504,592,0
3880,-29.87725,-61.93866,369,0
7623,-29.87982,-61.94607,288,0
2569,-34.47505,-58.661473,90,0
4276,-26.81783,-65.268897,28,0
7126,-34.887318,-60.008406,113,0
2126,-34.59424,-58.49331,98,0
2133,-34.678802,-58.368274,64,0
6018,-31.43515,-64.49996,384,0
5939,-33.135237,-64.352292,88,0
9686,-32.36061,-63.236296,480,0
1106,-34.625028,-58.484047,32,0
1740,-41.148088,-71.305046,504,0
11293,-41.130179,-71.25736,2,0
9895,-34.78558,-58.253367,710,0
3533,-35.141515,-60.458368,8,0
1199,-34.84501,-58.37737,845,0
3134,-38.745403,-61.305948,131,0
3530,-32.07169,-64.52837,103,0
10964,-32.07169,-64.52837,302,0
1714,-33.04946,-61.15117,684,0
9205,-34.736445,-58.322867,52,0
6202,-34.172607,-58.971928,530,0
3150,-31.403914,-64.472808,8,0
3423,-31.38851,-58.01696,958,0
3420,-31.38454,-58.02131,156,0
7070,-34.752318,-58.368684,64,0
598,-38.020616,-60.110066,126,0
6495,-34.67344,-58.66408,1496,0
7658,-34.66447,-58.68704,1470,0
741,-31.395183,-64.17608,161,0
1545,-34.666603,-58.356765,128,0
6503,-33.32723,-60.22303,74,0
8673,-33.32725,-60.22373,733,0
5047,-31.42448,-64.49503,4,0
7192,-31.44116,-64.34604,713,0
2909,-34.744505,-58.293914,221,0
7123,-35.061202,-58.735656,962,0
7334,-38.957295,-68.227399,3,0
6296,-31.539063,-68.567467,90,0
5352,-31.517141,-68.567585,88,0
2464,-34.64623,-58.68874,1332,0
2401,-34.654574,-58.67903,1338,0
6877,-37.999588,-57.558296,78,0
6411,-26.741412,-65.259063,18,0
7056,-34.455634,-58.816384,762,0
432,-34.66067,-58.62273,116,0
9407,-34.611572,-58.520771,121,0
1381,-34.611572,-58.520771,8,0
7618,-32.99038,-68.667369,681,0
7617,-32.925068,-68.826511,14,0
3700,-33.344438,-60.210062,144,0
6157,-34.750039,-58.339187,10,0
6870,-34.466053,-58.645369,198,0
1522,-34.35843,-58.79992,901,0
6728,-38.942692,-68.117206,44,0
3254,-34.675844,-58.716534,1285,0
1696,-34.704394,-58.777589,1324,0
8110,-32.473738,-61.588026,22,0
6158,-34.684504,-58.385979,510,0
3110,-37.1077,-56.87666,598,0
3444,-36.68674,-56.68542,648,0
5980,-37.2582,-56.98248,590,0
7373,-32.90833,-68.86042,236,0
4229,-24.194681,-65.297828,34,0
10935,-34.904458,-58.357718,192,0
1037,-34.63569,-58.588483,790,0
6166,-34.855646,-58.387105,64,0
8108,-24.388692,-65.256721,2,0
7357,-34.692749,-58.351192,26,0
7106,-35.871505,-57.897419,65,0
4232,-23.81294,-64.794865,34,0
3104,-34.582446,-58.491817,104,0
2173,-36.867575,-57.873519,83,0
7224,-38.023208,-57.565924,18,0
6321,-24.256246,-65.192831,4,0
3259,-34.663945,-58.733846,18,0
1701,-34.658866,-58.725524,1212,0
10170,-34.669318,-58.7454,825,0
1695,-34.669318,-58.7454,420,0
6223,-34.810832,-58.491998,1158,0
2557,-34.633501,-58.628721,18,0
4301,-34.552921,-58.696988,718,0
6287,-41.130179,-71.25736,344,0
3003,-38.947347,-68.100938,38,0
2999,-38.954322,-68.078971,40,0
3005,-38.962712,-68.068052,18,0
7692,-33.90342,-61.106163,94,0
1202,-34.74246,-58.494263,1284,0
5962,-31.44696,-64.1689,971,0
10282,-31.399812,-64.175279,186,0
9361,-31.42856,-64.20951,160,0
10455,-31.41158,-64.17542,84,0
1705,-34.454273,-58.640902,1557,0
2121,-38.956465,-68.050521,144,0
8076,-40.12659,-71.25224,4,0
7955,-34.52825,-58.730903,985,0
6445,-26.819192,-65.250216,113,0
1707,-34.65168,-58.40767,26,0
4433,-34.67286,-58.53954,916,0
1547,-34.736585,-58.277936,842,0
1745,-32.85839,-61.17115,736,0
1044,-32.96668,-60.647508,807,0
7460,-32.758412,-60.733957,146,0
7825,-34.777558,-58.348555,60,0
5270,-34.620286,-58.478858,94,0
3192,-34.584293,-58.466179,104,0
4187,-34.684904,-58.558465,6,0
1049,-32.73927,-60.73374,760,0
4186,-34.534353,-58.72247,686,0
5357,-31.405382,-64.473808,66,0
1719,-31.67283,-60.768019,1225,0
3268,-31.708663,-60.803636,1189,0
3713,-24.21024,-65.28306,755,0
11113,-37.31582,-59.120963,8,0
8312,-27.489824,-64.870204,84,0
3198,-34.50091,-58.54691,1112,0
8905,-34.482203,-58.777254,865,0
6161,-34.58897,-58.555146,703,0
3093,-31.390998,-58.035661,116,0
1720,-32.626919,-60.141912,94,0
1716,-31.878051,-59.02541,88,0
7945,-33.499873,-60.052824,135,0
10326,-34.593805,-58.528281,81,0
3310,-27.58881,-56.68928,746,0
9547,-28.025357,-56.01544,568,0
9671,-27.47817,-58.82004,502,0
8843,-32.912654,-68.666244,730,0
9604,-39.021807,-67.586645,30,0
7793,-36.42477,-57.35076,557,0
4858,-38.268517,-57.842726,844,0
9809,-30.854945,-64.9954,84,0
1004,-34.660929,-58.444881,811,0
3330,-34.64713,-58.50761,134,0
2732,-31.60593,-60.69318,721,0
9633,-37.888079,-57.602389,86,0
9725,-33.005973,-58.310113,604,0
10072,-33.069464,-58.630104,604,0
1173,-33.05583,-58.62614,820,0
5413,-33.05085,-58.62178,318,0
11297,-30.2391705,-58.7756555,32,313.6
10528,-32.997213,-58.529253,570,0
7630,-36.91553,-60.30616,612,0
8704,-32.997213,-58.529253,500,0
4335,-36.87912,-60.32357,356,0
3734,-36.91441,-60.32755,547,0
9528,-32.476802,-58.293661,263,0
8927,-32.690051,-58.886837,551,0
889,-33.998926,-61.606673,725,0
1434,-41.60707,-65.35383,263,0
800,-34.60628,-58.4981,347,0
9430,-31.587158,-60.076303,566,0
11407,-31.1559775977242,-64.1449818412493,2,0
9518,-34.836886,-64.584728,388,0
8559,-27.657092,-62.425121,1100,0
1779,-35.233288,-63.606735,32,0
7668,-34.45333333,-58.6421,536,0
8685,-32.05192,-61.78533,872,0
2624,-32.925068,-68.826511,946,0
4578,-31.86932,-63.11703,540,0
7028,-31.87169,-62.70431,1082,0
8284,-28.48858,-59.35641,733,0
7535,-34.416644,-58.599344,296,0
11034,-30.944519,-61.559551,307,0
9364,-30.531888,-61.962459,1014,0
6629,-33.04887,-61.17475,1186,0
7821,-32.94211,-68.8256,615,0
1305,-26.57177,-54.742357,831,0
7223,-27.371472,-55.92564,824,0
1321,-26.408413,-54.596338,816,0
7482,-27.1785,-55.45705,839,0
2337,-37.666788,-63.542927,666,0
1278,-32.16846,-64.10207,729,0
1413,-34.63118,-68.28641,795,0
7584,-38.956548,-68.238144,4,0
9573,-25.136671,-58.242693,535,0
8225,-31.16132,-62.09968,841,0
1627,-32.39163,-59.78366,899,0
8728,-32.39884,-59.79747,927,0
5875,-34.119033,-59.019908,838,0
4835,-34.49924,-58.55691,60,0
9047,-34.43611,-58.54225,382,0
3462,-32.036795,-61.20125,36,0
790,-34.621219,-58.421276,115,0
8251,-27.48754,-58.830617,1172,0
10201,-35.00444,-61.03354,402,0
6671,-38.8544,-62.09073,103,0
6669,-38.87538,-62.07092,882,0
6672,-38.8695,-62.08078,662,0
6670,-38.8544,-62.09073,810,0
10952,-38.88639,-62.07085,190,0
6668,-38.88639,-62.07085,464,0
8770,-27.399211,-55.951321,1351,0
8273,-32.440036,-58.289395,2747,0
7853,-32.27042,-58.2398,328,0
7852,-32.233021,-58.156549,2844,0
10874,-36.415464,-63.420804,192,0
8278,-34.81184,-58.39999,778,0
10031,-31.40749,-64.17769,724,0
6613,-30.3683,-61.91271,850,0
10488,-34.94947,-57.94936,37,0
10303,-35.17389,-58.24026,592,0
1304,-31.60467,-60.66591,729,0
10101,-32.990178,-58.523496,302,0
5301,-31.18256,-60.74199,204,0
10499,-31.18256,-60.74199,307,0
1493,-34.65327,-59.43232,743,0
2289,-32.165233,-63.896504,737,0
8707,-32.199626,-64.263602,827,0
2535,-32.16994,-64.11766,737,0
6438,-32.888275,-60.693955,1062,0
564,-34.56477,-58.5687,733,0
7109,-37.987989922269,-57.5452249901772,8,0
171,-34.58844,-58.59248,276,0
1476,-33.10869,-68.39118,709,0
1462,-33.12791,-68.31907,705,0
8097,-33.06693,-68.88392,545,0
7682,-33.190803,-68.467193,104,0
8809,-36.64956,-57.78864,740,0
6360,-32.241159,-58.235983,532,0
3475,-26.81945,-65.25797,1228,0
10643,-26.83308,-65.19584,712,0
8996,-35.455066,-60.892306,2,0
2883,-35.443127,-60.893184,4,0
8223,-34.008,-62.2467,538,0
3939,-34.691023,-58.323544,12,0
6981,-31.4002,-64.22689,1652,0
1608,-51.63377,-69.21245,708,0
7366,-27.790369887388,-64.259536677656,606,0
2440,-33.00797,-61.81236,729,0
7231,-35.82987,-61.86557,10,0
120,-39.289246,-65.664537,648,0
119,-39.27121,-65.67066,383,0
8029,-32.68688,-62.10574,737,0
4542,-33.21055,-68.88888,14,0
3925,-34.61624,-58.63383,807,0
8016,-27.4808,-58.79913,342,0
10054,-27.943868,-58.791877,220,0
6809,-26.815769,-65.208849,2,0
2709,-32.80253,-60.72067,743,0
10429,-34.588673,-58.51977,372,0
5683,-34.659624,-58.631885,1266,0
9704,-39.03493,-67.53889,478,0
5318,-35.48876,-62.98924,747,0
5402,-35.40694,-62.4447,393,0
8400,-42.749824,-65.0386,1424,0
5959,-36.361016,-60.020031,441,0
7713,-32.959456,-60.69485,702,0
7297,-32.974794,-60.669132,816,0
5262,-35.137271,-60.451925,1056,0
4762,-27.81945,-64.24854,624,0
4759,-27.822867,-64.056577,372,0
4761,-27.721348,-63.865267,332,0
2349,-31.78869,-60.51624,186,0
754,-32.96457,-68.83936,689,0
1767,-34.140866,-59.044759,19,0
5704,-33.888113,-60.571465,8,0
175,-34.6792,-58.5218,1072,0
480,-32.165283,-63.896578,729,0
2731,-27.6821,-60.9065,996,0
2734,-27.49472,-61.67762,970,0
2736,-27.334088,-61.2747,984,0
4428,-36.96231,-60.26151,742,0
2494,-32.93022,-60.72702,751,0
6460,-33.89273,-60.57391,1127,0
958,-34.88019,-58.38943,857,0
8705,-31.13692,-60.98969,1064,0
2177,-31.43033,-64.167846,116,0
10051,-31.379025,-64.0399711,548,0
4226,-34.85715,-61.51651,586,0
1559,-34.921532,-58.956844,792,0
6536,-33.95531,-62.97121,370,0
731,-33.56509,-62.87734,528,0
5628,-33.69179,-59.67658,868,0
1792,-32.61136,-60.16368,731,0
3323,-33.08977,-61.78649,326,0
8233,-32.903006,-60.921111,218,0
8013,-33.366494,-60.179055,1126,0
3620,-33.32743,-60.234752,1138,0
10044,-34.737833,-58.397793,244,0
1963,-27.65097,-62.41808,854,0
10924,-32.41002,-63.25941,234,0
3648,-35.82195,-61.89518,766,0
3064,-31.557965,-61.895225,861,0
2324,-29.38751,-66.83247,546,0
2322,-29.44433,-66.83711,735,0
767,-34.61088,-58.57028,414,0
6121,-33.301022,-66.339699,920,0
3116,-31.610681,-60.718559,1413,0
10328,-27.764973,-64.359365,168,0
542,-34.62915,-58.40336,707,0
6441,-32.8438,-68.7736,829,0
5094,-31.5233,-61.7252,227,0
9888,-31.5233,-61.7252,482,0
427,-31.81008,-64.30742,743,0
296,-31.8184,-64.28904,552,0
6676,-33.3761,-61.18237,725,0
7486,-34.717221,-58.376984,1070,0
3339,-32.417421,-63.229656,868,0
3344,-32.41014,-63.24464,862,0
3341,-33.305856,-66.253025,824,0
4268,-32.08475,-60.97804,310,0
5356,-38.148458,-58.218896,138,0
7803,-34.00139,-62.27018,737,0
2875,-34.594666,-58.636261,990,0
1551,-34.59352,-58.62226,821,0
5657,-34.61018,-58.56254,727,0
1926,-34.82944,-58.45481,894,0
3182,-34.8781,-58.55242,854,0
3604,-34.747583,-58.240368,887,0
3153,-34.69876,-58.30951,903,0
3381,-28.54887,-56.04374,8,0
5908,-38.050168,-57.544792,636,0
205,-34.47879,-64.17414,737,0
3920,-34.680085,-58.581107,2,0
2940,-34.680426,-58.581489,87,0
9966,-34.92271,-58.95827,533,0
3037,-34.92271,-58.95827,258,0
3785,-50.33819,-72.25938,718,0
1702,-30.142245,-60.336506,8,0
1243,-26.40488,-54.62042,721,0
538,-32.91744,-68.84666,695,0
6317,-32.98828,-68.88439,703,0
828,-33.776539,-69.061502,903,0
832,-33.731915,-69.119523,48,0
7500,-29.306314,-68.223902,14,0
2566,-31.01047,-62.66753,8,0
2572,-31.00849,-62.65841,2,0
3446,-31.31629,-64.46174,741,0
7849,-34.616924,-58.404404,780,0
7930,-34.899717,-58.01086,897,0
909,-34.61871,-58.40384,699,0
2201,-34.6101,-58.51925,9,0
4085,-34.90939,-57.97998,22,0
9558,-26.19418,-58.20045,86,0
6588,-34.959862,-58.008776,28,0
6589,-34.966303,-58.016591,28,0
6798,-34.941909,-58.039643,28,0
6586,-34.889544,-57.958274,14,0
6587,-34.84938,-58.094024,12,0
8237,-28.48994,-59.34507,1174,0
4294,-34.615782,-58.448404,118,0
5080,-34.6460366684544,-58.382975219574,481,0
6638,-33.899264,-60.552672,16,0
1883,-34.70268,-58.49945,831,0
3203,-27.40897,-55.90186,713,0
8925,-26.872727,-65.223028,128,0
7240,-34.44444,-58.57849,887,0
1387,-34.6369,-58.44589,711,0
2776,-34.45216,-59.45074,741,0
9952,-33.68039,-59.66715,122,0
7210,-38.37661,-60.25583,4,0
779,-34.503554,-58.53049,19,0
7046,-34.487438,-58.84214,417,0
8692,-29.463034,-60.228786,170,0
8689,-30.232765,-60.364074,168,0
8690,-29.879535,-60.281466,169,0
8691,-29.69248,-60.248246,168,0
4332,-38.007426,-57.587112,1121,0
3280,-34.685976,-58.397208,1166,0
3284,-34.697435,-58.42142,1168,0
6736,-34.661188,-58.375545,1229,0
5869,-33.393662,-63.307961,1266,0
2181,-33.155578,-64.364889,998,0
1053,-34.45436,-58.5118,136,0
8002,-32.0310220128822,-61.2196756977442,90,0
725,-24.7798,-65.42926,837,0
8775,-37.89344,-63.74261,564,0
8118,-31.45897,-59.59918,158,0
108,-33.791755919248,-61.2066785958557,671,0
121,-33.79317,-61.21256,129,0
5676,-41.95428,-71.53316,722,0
3877,-42.506405,-71.465814,13,0
5329,-38.03081,-60.09625,742,0
2483,-36.23194,-61.11583,818,0
6863,-34.700052915,-58.54255488,635,0
8035,-22.24015,-63.73439,572,0
9744,-30.986292,-64.089045,44,0
4188,-30.987366,-64.091332,16,0
9622,-30.972327,-64.083845,24,0
9771,-31.012683,-64.071208,14,0
10230,-31.012683,-64.071208,350,0
9860,-30.426233,-64.339231,979,0
7171,-31.012683,-64.071208,22,0
4185,-30.986292,-64.089045,22,0
10766,-30.709181,-64.058357,704,0
11057,-30.7061274336761,-64.0643609630027,6,0
7969,-38.24296,-59.14395,698,0
7970,-38.53171,-58.77633,738,0
1930,-34.82364,-58.47343,843,0
3911,-34.675,-58.35825,751,0
9542,-27.44959,-58.9886,926,0
9543,-27.412923,-58.970468,882,0
8179,-26.92516,-55.05965,594,0
478,-29.148,-59.64388,733,0
5165,-32.419557,-63.245345,1076,0
8455,-33.0928,-64.30725,1199,0
8465,-34.100624,-59.034605,496,0
5100,-34.146077,-63.39569,700,0
8021,-33.373011,-61.175059,542,0
522,-33.15419,-60.504569,864,0
4832,-34.772984,-58.323156,388,0
4029,-34.61129,-58.48989,707,0
2215,-33.8828,-59.87856,221,0
2203,-33.68039,-59.66715,2439,0
2223,-33.76408,-59.71302,2409,0
3236,-33.6918,-59.6694,322,0
2234,-32.480652,-58.231257,286,0
162,-31.45732,-61.71008,680,0
1456,-34.89129,-58.01285,727,0
7444,-31.642426,-63.347672,746,0
5522,-36.78041,-59.86762,152,0
5523,-36.847883,-59.897108,624,0
2435,-34.79318,-61.89187,762,0
2441,-34.79329,-61.89142,4,0
2411,-34.76405,-61.88626,759,0
2637,-32.90599,-60.6886,155,0
9545,-32.90599,-60.6886,470,0
7507,-31.66536,-63.20496,729,0
1211,-33.18457,-64.9971,737,0
2453,-37.243084,-61.262441,669,0
6947,-39.0268,-67.58718,728,0
2301,-39.28586,-65.66306,722,0
8558,-34.60967,-58.94728,1591,0
11067,-34.636141,-58.945536,350,0
2985,-33.2419,-62.39833,16,0
8294,-28.192697,-65.100155,940,0
6874,-28.63867,-65.11474,948,0
925,-26.82253,-65.17799,768,0
773,-24.44284,-65.17043,760,0
3452,-34.78957,-58.27835,8,0
7095,-34.51728,-58.748668,188,0
3527,-31.89881,-61.84654,1015,0
3397,-31.644152,-60.718383,1168,0
3531,-32.19569,-61.70029,790,0
3510,-31.89589,-61.86225,828,0
3393,-31.643876,-60.703682,1162,0
9815,-35.531806,-58.008532,686,0
9106,-31.408915,-64.47904,540,0
7116,-31.638164,-60.69216,514,0
4655,-34.69702,-58.62699,745,0
1964,-34.186,-61.53044,733,0
6000,-35.98118,-62.7267,308,0
6002,-35.838561,-61.874704,780,0
4729,-33.699221,-61.613963,392,0
4469,-45.86476,-67.47965,696,0
2458,-32.37266,-58.87553,739,0
2782,-24.795615,-65.396876,1358,0
822,-33.00285,-60.63627,759,0
11018,-36.955284,-60.254399,138,0
8470,-36.878316,-60.303287,558,0
1746,-33.2981,-66.34766,829,0
7792,-33.182919,-66.311491,822,0
4117,-37.99003,-57.58519,853,0
3991,-34.5842082391458,-58.5714302037048,680,0
7506,-42.50682,-71.43267,694,0
9549,-31.3419,-64.20751,20,0
148,-31.53305,-68.54669,842,0
9800,-31.411913,-64.158891,364,0
2722,-34.58444,-58.43386,1024,0
2055,-31.773877,-63.804021,860,0
5445,-32.039467,-63.571717,594,0
3486,-38.16427,-58.78433,734,0
8201,-32.00774,-58.29171,496,0
8290,-32.65196,-62.30505,94,0
6859,-37.83807,-58.244806,1174,0
6860,-37.818854,-58.220747,106,0
4024,-27.28957,-60.71373,737,0
2669,-31.648781,-68.283609,743,0
1912,-31.32395,-64.26948,729,0
4049,-31.300502,-64.465189,2,0
4724,-29.718613,-57.087851,8,0
2711,-32.93809,-68.84043,670,0
2762,-38.73474,-62.26078,747,0
1717,-34.768755,-58.438332,1384,0
9788,-27.480993,-58.799508,476,0
5327,-37.99118,-61.34189,786,0
10795,-37.98197,-61.35347,340,0
936,-40.73103,-64.94928,408,0
4848,-33.07529,-60.57769,387,0
10087,-32.960469,-60.684805,96,0
10086,-33.00358,-60.66167,429,0
2751,-34.71028,-58.30889,1203,0
3705,-33.344301,-60.210359,1092,0
2563,-33.00358,-60.66167,799,0
2575,-32.960469,-60.684805,52,0
10682,-38.01948,-57.57122,632,0
8746,-33.30013,-66.33082,583,0
3988,-27.93698,-63.43471,552,0
3992,-27.65603,-62.41118,741,0
6854,-28.460506,-65.775399,866,0
8019,-28.485117,-65.778013,824,0
1633,-34.792446,-58.414598,640,0
11372,-37.872525,-67.792113,132,0
9002,-34.610616,-58.410126,1004,0
11346,-34.587167,-60.947122,56,0
11371,-38.942813,-68.009136,144,0
11370,-36.26222,-57.70861,134,0
11129,-34.61105,-60.95844,310,0
11373,-37.66158,-67.75026,126,0
7208,-34.67205,-58.39481,899,0
2754,-54.79041,-68.22594,722,0
8142,-32.48701,-58.30047,984,0
8401,-34.733427,-58.279483,1001,0
7465,-34.781263,-58.457788,932,0
2518,-33.8949,-60.56716,735,0
5926,-34.06539,-60.09531,731,0
8716,-33.91375,-60.575412,739,0
5927,-34.07064,-60.09531,731,0
5743,-33.89244,-60.57375,202,0
6692,-33.89607,-60.55172,328,0
9365,-27.470998,-58.812835,468,0
10203,-27.447,-58.9763,700,0
4099,-27.482718,-58.93689,844,0
4102,-27.482718,-58.93689,182,0
8758,-31.808304,-59.028546,185,0
3375,-32.86138,-61.15872,749,0
9540,-34.479862,-58.622925,360,0
4707,-34.591919,-58.426945,780,0
1131,-34.61583,-58.44207,767,0
11079,-32.59127,-69.34853,80,0
10145,-32.59484,-69.371428,368,0
720,-31.45352,-58.13372,747,0
5147,-32.77304,-60.729785,756,0
10372,-34.545401,-59.122565,4,0
6444,-38.71116,-62.50134,645,0
7275,-35.10823,-58.73574,727,0
7134,-39.51424,-62.67488,1236,0
4608,-34.63773,-58.56464,855,0
303,-34.56414,-58.57438,865,0
9522,-39.915949,-62.615511,794,0
9582,-40.18497,-62.62018,720,0
2216,-34.62229,-58.40046,84,0
1368,-34.63119,-58.4529,363,0
7995,-23.39492,-64.42724,751,0
4383,-22.74314,-63.81824,755,0
4376,-23.30956,-64.2209,808,0
4378,-23.19622,-64.08948,755,0
4380,-23.019875,-63.908667,96,0
10981,-40.7145464655919,-65.0059249385652,96,0
1201,-40.71141,-65.00407,674,0
8300,-34.353733,-58.795707,976,0
10813,-34.440106,-58.782852,326,0
11093,-34.43219,-58.756124,330,0
9484,-34.35074,-58.798202,826,0
10722,-38.708221,-62.185851,322,0
3483,-32.02582,-60.30397,739,0
11019,-32.335696,-60.018906,189,0
10842,-31.80419,-59.93917,88,0
10359,-32.0693099667454,-60.6402973743438,451,0
11097,-31.984925,-60.585763,116,0
11086,-31.8040279195078,-59.9276449614228,118,0
11099,-31.4779355409049,-59.5888143000166,78,0
8801,-32.07875,-60.59508,748,0
10774,-31.975916,-60.587474,285,0
7306,-26.82082,-65.25294,212,0
4402,-26.71573,-64.9934,483,0
2737,-34.539946,-58.474667,130,0
7683,-32.53805,-62.98041,737,0
8363,-27.36873,-54.75216,1008,0
8052,-34.687999,-58.565674,889,0
8723,-33.0863,-64.28411,162,0
10245,-33.092181,-64.322509,384,0
6624,-33.09216,-64.35387,954,0
10239,-37.85561,-58.26614,84,0
3752,-37.85561,-58.26614,1617,0
4067,-37.83866,-58.24556,120,0
3755,-37.83866,-58.24556,1620,0
270,-32.99506,-60.67384,909,0
555,-33.088413,-60.700273,1374,0
5847,-34.183831,-61.523024,2,0
6740,-24.89919,-65.48591,614,0
1561,-37.94509,-57.58269,768,0
4438,-31.299731,-64.286947,68,0
4447,-32.811022,-61.391425,70,0
8821,-34.372799,-59.127283,1055,0
6143,-27.76451,-64.28732,1083,0
1722,-34.70206,-58.383854,976,0
4995,-32.07603,-60.46218,731,0
7982,-38.947275,-68.100533,597,0
9572,-38.912813,-68.138079,400,0
8082,-39.090274,-67.088504,594,0
6172,-38.950873,-68.074734,614,0
8822,-38.957295,-68.227399,25,0
10595,-38.957295,-68.227399,192,0
10102,-38.962267,-68.078948,216,0
7984,-38.959883,-68.066543,614,0
6727,-39.030734,-67.564417,594,0
4213,-38.828466,-68.131639,611,0
8721,-38.342756,-68.803997,594,0
6906,-33.11705,-64.35187,1215,0
3908,-24.79548,-65.40486,916,0
8733,-35.15188333,-70.07485,50,0
649,-35.47469,-69.58558,712,0
9016,-31.181015,-60.14758,708,0
6641,-31.19946,-60.16025,32,0
9490,-31.631504,-63.873263,584,0
540,-31.65232,-63.8568,829,0
2777,-31.64979,-63.90332,799,0
7765,-31.25932,-64.07198,200,0
1801,-34.65502,-58.54956,741,0
4604,-33.487039,-60.008901,923,0
4851,-38.28054,-59.20523,470,0
7362,-32.892182,-68.828532,6,0
7204,-37.68773,-63.16194,74,0
6237,-38.26034,-57.839583,99,0
2295,-43.30806,-65.10444,929,0
10142,-34.84328,-64.58473,8,0
9428,-27.06403,-65.399233,1036,0
322,-29.7894721650598,-58.0521062874459,636,0
8114,-27.06573,-65.40258,54,0
785,-26.180148,-58.176026,780,0
2665,-33.577452,-69.02902,727,0
2120,-51.61693,-69.22559,56,0
3914,-32.47439,-61.58804,733,0
173,-34.73875,-58.56426,856,0
174,-34.75821,-58.60953,853,0
6771,-34.491605,-58.52334,1056,0
1124,-34.75197,-58.58767,743,0
1851,-34.53773,-58.79611,741,0
2961,-32.99125,-60.673,2563,0
721,-32.921,-60.8124,2628,0
3662,-36.80959,-62.24852,94,0
5585,-35.006835,-59.269736,908,0
140,-33.33944,-60.21764,884,0
7785,-24.73527,-65.48786,588,0
1817,-32.925688,-68.836621,98,0
7451,-38.558854,-58.733264,1461,0
8109,-38.55054,-58.73482,1605,0
4366,-27.46328,-58.987558,1939,0
4992,-27.48325,-58.94999,414,0
3744,-34.3754,-58.81554,887,0
8135,-29.15988,-59.65892,733,0
6280,-32.70818,-62.10875,737,0
3031,-31.39234,-64.23259,38,0
10745,-41.336077,-69.539253,460,0
4988,-31.430511,-64.213087,654,0
8295,-43.28256,-65.26385,546,0
10105,-32.652213,-62.299369,54,0
5103,-32.652213,-62.299369,430,0
11040,-38.94338,-68.237825,116,0
1260,-38.96902,-68.06524,904,0
1261,-39.93315,-71.06849,1032,0
1258,-38.954909,-68.117659,753,0
282,-34.597735,-58.484293,3,0
6073,-32.039376,-61.783955,2,0
1436,-34.91793,-59.98173,920,0
5059,-34.504156146,-58.739211541,34,0
6921,-24.23326,-65.27495,692,0
448,-30.75673,-58.02032,82,0
6887,-34.45479,-59.43863,298,0
8730,-33.12238,-64.35673,824,0
5697,-30.03907,-66.87796,747,0
9544,-35.053321,-64.253361,550,0
4015,-34.533074,-58.502967,1235,0
3717,-26.823127,-65.21705,1194,0
4450,-33.444598,-67.531852,126,0
6195,-38.942813,-68.009136,1038,0
6504,-38.830592,-68.075007,4,0
5034,-27.35252,-65.58411,1032,0
10597,-37.378831,-63.773504,202,0
8160,-39.043211,-67.578501,52,0
8155,-39.092355,-67.088155,208,0
8153,-38.92803,-67.990329,84,0
8156,-39.026899,-67.563209,106,0
8154,-39.093892,-67.082803,492,0
4181,-34.92013,-59.98665,760,0
10440,-30.248958,-57.645173,284,0
10434,-28.54887,-56.04374,288,0
8107,-29.71371,-57.21458,448,0
4807,-38.259598,-57.841448,1040,0
9342,-36.891096,-60.287261,72,0
9145,-36.369093,-60.009371,812,0
4750,-28.058187,-56.014213,317,0
966,-34.79193,-58.3579,829,0
8165,-34.589276,-58.507419,707,0
2019,-27.46597,-58.96938,548,0
7035,-33.28599,-68.04881,94,0
9356,-31.44041,-60.93802,998,0
10148,-33.84809,-65.172847,146,0
8557,-33.022644,-58.534858,735,0
7604,-34.88904,-57.95564,817,0
4737,-24.828776,-65.430137,20,0
5471,-37.310903,-59.114,1316,0
11008,-32.6588462558189,-62.1236627443825,448,0
10289,-31.651071,-64.407949,858,0
9960,-31.79178,-64.50924,1007,0
5286,-26.197488,-58.213826,262,0
8688,-41.599955,-65.355309,744,0
5109,-27.616756,-55.31992,1048,0
3898,-33.35882,-60.18864,1078,0
8463,-27.505119,-58.774082,1213,0
8659,-29.13459,-59.25464,746,0
2647,-32.34555,-65.01599,743,0
6391,-34.93787,-57.9734,719,0
7161,-24.227965,-64.863643,680,0
7335,-36.02618,-59.08436,2,0
3887,-24.21774,-65.27818,1126,0
9658,-31.392648,-64.150294,388,0
8448,-29.394233,-66.847258,214,0
8177,-29.42619,-66.84979,214,0
10363,-29.408983,-66.820684,14,0
9480,-29.439401,-66.859476,30,0
8152,-29.414528,-66.853694,214,0
9359,-29.314364,-67.023922,94,0
4464,-34.9289,-57.99991,152,0
105,-33.08114,-64.33998,427,0
7956,-27.57503,-65.61408,4,0
7983,-31.670759,-60.782572,914,0
10967,-31.57865,-60.93658,340,0
8242,-34.551548,-59.122482,1239,0
7883,-31.022237,-61.458058,48,0
1800,-32.698188,-62.103297,737,0
9095,-38.69763,-62.430832,778,0
2968,-24.37783,-65.12259,1192,0
5299,-24.37783,-65.12259,80,0
7377,-34.675555,-58.329851,826,0
1006,-45.88234,-67.5405,973,0
4303,-34.67131,-58.530881,1347,0
5293,-45.04324,-70.82632,66,0
8548,-40.10949,-64.45165,608,0
126,-40.13641,-71.28796,747,0
10823,-35.97915,-62.72879,228,0
7761,-36.34246,-62.67673,586,0
7532,-34.945154,-57.99272,296,0
4830,-27.470001,-58.821734,967,0
10923,-34.81184,-58.39999,368,0
221,-31.945022,-65.186309,424,0
1168,-25.670346,-54.043354,370,0
390,-34.6433,-58.62566,1266,0
2740,-34.56433,-58.47957,707,0
6045,-46.4449,-67.52499,80,0
1729,-34.579246,-58.528106,2,0
2161,-34.803653,-58.440986,54,0
10505,-36.847024,-59.898136,286,0
7196,-30.63808,-66.26904,8,0
8891,-30.63808,-66.26904,739,0
825,-34.65685,-58.42304,1190,0
2712,-31.702038,-62.47989,729,0
2321,-29.41959,-66.86159,739,0
3459,-31.44735,-60.93012,753,0
3592,-31.40245,-61.08479,174,0
5266,-34.40444,-59.828807,866,0
7289,-34.05957,-60.09632,820,0
2515,-26.40971,-61.41899,92,0
9865,-34.6599202878743,-58.607572682209,84,0
9335,-34.484884,-58.613523,604,0
9866,-34.662192,-58.59638,835,0
9867,-34.663332,-58.37682,699,0
9859,-34.447065,-58.562084,590,0
10059,-38.944209,-68.19715,366,0
5961,-37.38698,-68.92328,714,0
719,-34.68731,-58.68563,757,0
10533,-37.918094,-57.737011,150,0
2403,-32.870218,-68.843765,124,0
9354,-34.52658,-58.5732,670,0
4882,-22.1154,-65.59802,747,0
3214,-34.69806,-58.3253,722,0
10047,-26.860121,-65.211543,420,0
1923,-31.89647,-61.85674,733,0
5243,-31.61853,-60.69799,80,0
7412,-31.644899,-60.689684,22,0
5245,-31.63605,-60.702012,78,0
7041,-34.602223,-58.724553,777,0
10291,-34.49751,-58.49742,528,0
10098,-32.73765,-61.81791,170,0
687,-32.92602,-62.44737,1064,0
8464,-32.905804,-60.908513,1474,0
7854,-34.670717,-58.594739,676,0
7811,-29.71775,-57.10654,50,0
2716,-32.6283,-62.68496,106,0
8701,-33.347087,-60.207165,512,0
7895,-34.66054,-58.60785,848,0
4555,-34.509253,-58.539497,922,0
4554,-34.513066,-58.530983,870,0
1320,-33.19,-60.46826,737,0
1209,-33.2514,-60.30689,1112,0
4422,-35.16631,-59.05199,1064,0
10211,-32.909198,-68.838428,552,0
834,-34.6978,-58.75179,839,0
10369,-37.471871,-61.949929,546,0
1737,-28.45948,-65.75496,1258,0
8145,-27.349846,-65.591978,84,0
10776,-27.349846,-65.591978,46,0
10763,-27.256306,-65.360465,28,0
8662,-27.26239,-65.548335,92,0
10775,-27.12508,-65.46781,44,0
4904,-28.62748,-65.12395,983,0
9390,-28.638968,-65.130781,92,0
8547,-34.887544,-57.869112,556,0
605,-34.748292,-58.580669,272,0
6106,-35.444251,-60.887247,72,0
10559,-36.157086,-63.849408,464,0
8161,-36.15459,-63.85298,625,0
247,-34.685575,-58.763434,1028,0
5021,-31.66691,-60.7647,667,0
7060,-31.430751,-62.087686,729,0
10422,-33.90643,-61.10859,90,0
7931,-34.466195,-58.55521,874,0
1754,-34.8356,-58.40183,948,0
4253,-23.58625,-64.51067,751,0
8722,-34.454148,-58.733107,958,0
617,-34.75499,-58.400894,5,0
8737,-34.60197,-59.17616,775,0
8771,-33.116304,-58.650293,2070,0
4095,-37.981505,-57.565994,1096,0
5354,-34.473661,-58.659844,978,0
1797,-34.69536,-58.370235,977,0
4652,-34.71207,-58.59002,745,0
726,-31.55513,-61.07547,898,0
7978,-31.5164,-60.68135,32,0
5027,-35.65136,-60.71102,670,0
4132,-24.22983,-64.88068,767,0
5718,-28.305392,-64.187956,858,0
1560,-41.967904,-71.535157,616,0
1397,-32.43448,-63.727842,1002,0
1398,-32.4341,-63.18388,1041,0
2668,-34.75196,-58.22678,739,0
8914,-32.26178,-61.90288,394,0
7102,-27.03734,-55.22739,1169,0
2214,-27.26741,-55.53936,1150,0
1573,-32.862653,-68.822058,305,0
5428,-32.862653,-68.822058,125,0
2137,-34.569831,-58.590785,788,0
3130,-34.57878,-58.55157,175,0
6483,-34.888057,-58.389851,840,0
1062,-34.77145,-58.405093,802,0
8482,-31.870128,-60.011961,1291,0
7892,-34.627127,-68.296758,414,0
8009,-24.531722,-65.076862,46,0
8188,-34.898552,-57.938375,913,0
4148,-31.382706,-64.198632,852,0
125,-34.65159,-68.38028,715,0
10780,-31.2171521891288,-64.2755651018092,8,0
5045,-31.031646,-64.504649,234,0
9203,-31.36992,-64.511819,176,0
8183,-33.384808,-61.71145,733,0
2952,-26.16806,-58.182104,922,0
674,-34.62833,-68.358315,940,0
2864,-37.13993,-56.91111,933,0
4371,-33.23948,-60.83413,632,0
4536,-33.24344,-60.83609,238,0
4532,-33.24652,-60.76466,506,0
5064,-34.64497,-58.425654,4,0
4214,-31.78122,-63.7982,56,0
11022,-31.43233,-64.23708,218,0
11023,-31.43264,-64.24875,230,0
6713,-34.94571,-57.942774,404,0
9454,-27.038045,-65.378654,588,0
9846,-32.747483,-60.75587,452,0
9719,-34.39271,-58.663366,1241,0
9893,-34.45721,-58.62828,1171,0
10556,-33.196926,-63.861364,332,0
1148,-33.14795,-59.30372,4,0
1379,-33.13228,-59.3146,753,0
3993,-26.18236,-58.16996,1145,0
2918,-34.648937,-58.376747,90,0
2222,-31.38589,-64.15984,783,0
2219,-31.37682,-64.12626,789,0
2225,-31.41061,-64.17279,799,0
10794,-40.812409,-62.990975,766,0
11026,-34.642033,-58.36878,42,0
1438,-33.77104,-60.10025,733,0
1307,-32.20088,-64.40304,741,0
1987,-32.22308,-64.393242,6,0
1578,-34.76332,-58.29183,741,0
4420,-35.18193,-59.091927,1147,0
7958,-31.432944,-62.085576,729,0
10958,-31.427823,-62.096764,128,0
8081,-30.56119,-64.00381,729,0
8942,-35.38004,-64.47261,726,0
9889,-29.163336,-67.509159,470,0
2080,-29.17527,-67.49343,262,0
6496,-30.35373,-63.94053,729,0
10398,-31.39138,-64.083771,350,0
2079,-29.16433,-67.49591,695,0
7975,-30.97845,-64.0937,445,0
1323,-25.75303,-64.94535,745,0
1373,-24.73717,-65.02818,763,0
8709,-30.43736,-64.330277,805,0
1370,-30.21729,-64.489,729,0
2073,-30.70661,-64.05513,729,0
11332,-30.35373,-63.94053,4,0
10621,-31.025424,-64.115733,110,0
1365,-25.11627,-64.1317,837,0
4270,-25.46738,-65.56285,232,0
4702,-27.722331,-64.217641,545,0
154,-38.9829,-64.1113,722,0
8469,-31.42856,-64.20951,23,0
7018,-25.94809,-60.62244,162,0
2770,-34.143846,-63.401295,32,0
2643,-27.73652,-64.23453,1288,0
2645,-27.7464,-64.19939,1362,0
1774,-33.081435,-68.482789,88,0
1816,-32.893602,-68.794411,122,0
1427,-33.50103,-65.78793,741,0
4045,-33.09533,-60.70049,928,0
3627,-34.80411,-62.19248,244,0
1404,-32.95871,-68.78985,695,0
7020,-31.417006,-62.081902,1766,0
2606,-33.10843,-64.33933,236,0
10418,-40.685566,-66.163644,296,0
5172,-34.647998,-58.719906,1199,0
7358,-24.78402,-65.40272,202,0
10284,-36.38981,-56.73669,314,0
8665,-36.30069,-57.66516,453,0
10642,-33.50661,-60.1393,298,0
8740,-27.437049,-58.970487,728,0
8364,-29.172564,-67.494566,224,0
10254,-29.17527,-67.49343,8,0
10701,-34.677245,-58.366144,32,0
7253,-34.794907,-58.461768,464,0
3230,-34.850743,-58.088587,1040,0
272,-33.89387,-61.09924,731,0
3225,-34.63463,-58.60828,727,0
107,-26.9247,-60.04693,737,0
639,-27.00752,-59.85003,745,0
3411,-34.76625,-58.4235,86,0
3157,-34.555781,-58.552008,901,0
8418,-27.47817,-58.82004,727,0
2508,-32.76117,-64.33801,218,0
8283,-31.729405,-60.473163,737,0
2865,-46.53992,-68.93067,585,0
383,-32.96758,-60.71009,1377,0
1402,-25.28719,-57.7234,1398,0
2037,-34.6439,-58.39938,707,0
9152,-33.00047,-58.52143,809,0
11221,-33.01463,-58.5213,64,0
2651,-32.629586,-58.701579,862,0
7844,-32.314676,-59.141558,844,0
8712,-31.843692,-59.026907,864,0
10414,-27.58526,-66.305002,300,0
264,-30.9209451867427,-62.676343757077,44,0
1283,-32.919601,-60.713427,126,0
4147,-24.746179,-65.411645,829,0
4038,-31.386226,-64.123528,1522,0
9564,-33.15986,-64.36792,496,0
145,-33.12088,-64.35804,931,0
8731,-31.479005,-68.520333,739,0
6974,-27.5404,-64.80331,837,0
9577,-30.97845,-64.0937,547,0
3797,-24.98427,-65.57523,805,0
8267,-32.90315,-68.80253,660,0
1354,-34.92151,-57.99066,727,0
3281,-30.97566,-61.74182,725,0
919,-32.96268,-68.75592,701,0
8022,-34.331103,-58.83197,841,0
2526,-36.0541,-63.56691,512,0
10888,-36.0541,-63.56691,580,0
6993,-34.810316,-58.25993,182,0
6742,-34.755156,-58.232155,200,0
10889,-34.692806,-58.305109,44,0
6345,-34.692806,-58.305109,110,0
6346,-34.828501,-58.219801,176,0
7251,-25.74103,-59.10122,178,0
8190,-34.44163333,-58.85714167,869,0
6984,-34.545227,-58.548679,870,0
9049,-31.23457,-59.984188,592,0
1688,-31.17882,-59.73233,572,0
7571,-26.828218,-65.217783,40,0
2482,-33.57381,-69.016147,1012,0
2891,-31.39764,-64.23474,777,0
6003,-34.999977,-61.025762,526,0
10104,-26.32268,-59.366306,8,0
9759,-26.20472,-59.074711,6,0
8328,-34.16523,-58.95959,1040,0
6216,-31.44116,-64.34604,24,0
1634,-30.79614,-60.59402,630,0
1641,-31.282443,-60.75919,632,0
1636,-30.787002,-60.599674,632,0
3416,-32.17473,-60.19479,1212,0
3421,-32.17375,-60.19792,806,0
4171,-32.16667,-60.1772,986,0
4176,-31.745325,-60.515043,956,0
6431,-32.07453,-60.62411,1112,0
8717,-32.905376,-60.726554,978,0
7130,-30.9621,-58.80698,972,0
2747,-32.01645,-60.29913,1120,0
7382,-31.25183,-59.7676,976,0
8565,-31.88017,-59.980414,1106,0
4175,-32.4217,-60.31385,986,0
6783,-38.7219376180384,-60.4517006428528,1042,0
7542,-31.366,-64.14794,98,0
8958,-31.39234,-64.23259,188,0
7122,-34.771911,-58.827125,662,0
10062,-34.771911,-58.827125,2,0
9620,-35.004288,-59.262302,106,0
7344,-34.916743,-58.953221,655,0
7045,-31.90556,-63.68941,819,0
3382,-24.94204,-59.02703,745,0
3464,-26.11513,-58.22837,1382,0
3386,-25.55839,-59.32833,745,0
7762,-34.59467,-58.52057,698,0
3176,-24.234166,-64.864538,716,0
3186,-24.273466,-64.70814,552,0
3360,-36.26825,-63.15941,340,0
3352,-36.27599,-63.15166,744,0
5014,-29.468259,-60.197965,220,0
5019,-29.217422,-61.744548,846,0
4906,-29.49896,-59.76348,684,0
8936,-34.582036,-58.540256,391,0
2333,-31.87128,-60.00965,739,0
278,-30.384103,-58.760371,745,0
1786,-32.455533,-64.385193,138,0
1538,-32.37685,-64.35769,56,0
1524,-32.45532,-64.38556,737,0
9587,-32.37685,-64.35769,523,0
9402,-32.897889,-60.684318,645,0
7319,-30.695383,-61.049051,208,0
8666,-34.00258,-61.90876,8,0
7369,-33.10523,-64.33678,371,0
8252,-33.1521,-64.35953,741,0
9020,-33.138545,-64.376267,712,0
7370,-33.11445,-64.33123,741,0
9346,-34.465206,-58.626254,816,0
6762,-31.395329,-64.168211,740,0
3525,-34.602331,-58.416364,52,0
916,-31.72005,-60.28615,737,0
4718,-25.81399,-64.96246,18,0
5794,-38.370686,-60.283377,416,0
3834,-31.68512,-63.87617,1416,0
1802,-34.712042,-58.425643,1001,0
4529,-34.600815,-58.56877,838,0
10875,-34.53296,-58.70146,284,0
8141,-34.86052,-57.91235,727,0
9057,-31.571063,-68.559812,672,0
2973,-31.552025,-68.515219,18,0
6836,-31.5544,-68.54692,896,0
3710,-34.14833,-63.36528,978,0
5040,-36.7802,-59.85595,742,0
8060,-36.77681,-59.86374,734,0
6575,-31.422569,-63.046496,1061,0
3913,-34.68708,-58.35821,751,0
7780,-33.44181,-62.07914,24,0
8870,-31.11672,-64.48457,662,0
381,-34.35627,-58.79687,855,0
429,-28.98675,-63.43565,748,0
9486,-32.747308,-60.748608,570,0
4427,-34.618152,-58.91114,906,0
5166,-32.77341,-61.60659,170,0
1485,-35.38004,-64.47261,22,0
9566,-26.332962,-60.414191,472,0
8343,-25.94718,-60.598612,672,0
9055,-32.399697,-63.255558,32,0
2618,-32.402579,-63.253186,784,0
2442,-32.410934,-63.245279,683,0
10242,-27.762027,-64.327041,128,0
8306,-32.98578,-68.79119,734,0
5981,-32.979615,-68.796429,510,0
2087,-32.965981,-68.791341,112,0
3148,-33.46481,-61.48672,733,0
3152,-33.60159,-61.60611,258,0
8541,-29.88344,-61.94435,745,0
8479,-29.76083,-62.05745,765,0
11240,-30.364339,-61.910424,24,0
621,-34.633075,-58.415942,114,0
1356,-47.750664,-65.903087,1352,0
2862,-31.41504,-64.21679,1132,0
4065,-26.20104,-64.239639,860,0
3647,-43.49655,-70.80749,706,0
1288,-54.808254,-68.308038,722,0
2405,-28.47002,-65.79682,739,0
4915,-41.33033,-69.54959,722,0
2693,-32.930724,-68.858729,26,0
7307,-27.74589,-64.25998,1240,0
249,-27.736796,-64.242975,98,0
9823,-24.441014,-65.160165,52,0
6498,-37.366359,-64.600339,789,0
6268,-37.36621,-64.59834,1288,0
4937,-33.06829,-61.18519,30,0
382,-34.62606,-58.50969,707,0
10957,-32.6879,-62.10061,390,0
10676,-36.243055,-57.71498,416,0
3368,-34.805439,-58.440598,882,0
6569,-42.76673,-65.04685,824,0
6891,-34.817409,-58.462503,808,0
363,-34.850193,-58.504845,928,0
9349,-33.099372,-68.478646,837,0
11035,-31.581573,-68.427155,167,0
1029,-34.58885,-58.52127,841,0
2474,-35.645697,-59.769208,716,0
6928,-35.62613,-59.77748,233,0
2217,-34.638671,-58.543741,712,0
8493,-34.756616,-58.395822,116,0
2231,-30.77868,-60.59124,725,0
1389,-30.798635,-60.597287,844,0
2803,-24.893862,-65.482212,1160,0
6711,-24.892014,-65.481491,78,0
9838,-33.92954,-64.40488,358,0
7733,-31.163172,-62.100283,790,0
9849,-33.10843,-64.33933,150,0
9705,-32.410567,-63.224738,272,0
10200,-33.133868,-64.248854,248,0
11194,-27.732214,-64.237367,290,0
10688,-26.7891,-60.44225,555,0
159,-26.7891,-60.44225,991,0
7779,-26.79853,-60.41362,594,0
2504,-31.40687,-64.223618,1357,0
5955,-35.03315,-60.27728,384,0
6034,-34.503137,-58.764088,248,0
8389,-24.83862,-65.461798,94,0
5434,-34.161673,-59.783242,920,0
1386,-34.64703,-58.79632,741,0
4068,-36.46185,-62.85908,94,0
1814,-34.69214,-58.50053,741,0
1624,-34.72468,-58.33588,843,0
8274,-29.42726,-66.86027,100,0
3308,-29.403514,-66.844882,1676,0
9151,-29.410416,-66.832646,1636,0
3942,-37.958403,-57.567245,74,0
3342,-33.301476,-66.346793,620,0
9773,-32.92944,-68.75451,430,0
7799,-32.880258,-68.82671,721,0
6816,-32.87893,-68.82747,724,0
11069,-32.752747,-64.33942,204,0
4998,-32.760018,-64.338501,436,0
6871,-31.61611,-60.69769,1048,0
10707,-34.45436,-58.5118,150,0
1563,-38.04377,-57.57341,817,0
8239,-32.992108,-60.665752,1150,0
2599,-34.24487,-59.472529,660,0
2613,-34.37746,-59.82597,664,0
2609,-34.250417,-59.463066,432,0
2605,-34.244584,-59.463221,690,0
2623,-33.82482,-59.51784,764,0
1518,-31.3958,-64.1117,321,0
7383,-34.71081,-58.5,760,0
10947,-27.49487,-58.81718,372,0
11286,-27.390793,-58.594942,254,0
9880,-27.542009,-58.753875,728,0
6421,-34.648958,-59.410355,162,0
6835,-34.6432,-59.44007,162,0
9650,-34.848024,-58.09911,982,0
4055,-24.75764,-65.41182,967,0
4449,-32.907946,-68.86456,106,0
10447,-32.169674,-64.159533,298,0
2947,-31.25096,-61.49159,966,0
7140,-31.26107,-61.49344,966,0
2384,-32.81066,-61.39424,725,0
1752,-32.80802,-61.40573,326,0
7351,-43.22815,-65.29981,720,0
5253,-40.052771,-70.080911,424,0
7220,-32.9863,-62.01841,136,0
1552,-34.3404,-58.78409,857,0
8134,-30.716644,-61.470291,11,0
2213,-37.44873,-57.72961,879,0
4034,-24.235944,-64.87209,79,0
7103,-38.080143,-63.430838,736,0
1308,-32.91829,-68.74263,695,0
1554,-41.94606,-71.53633,722,0
1631,-35.91372,-64.30025,728,0
4259,-25.20376,-59.8501,757,0
4456,-24.75772,-59.48983,276,0
2224,-31.528475,-68.568622,24,0
5390,-34.742295,-58.693391,508,0
2653,-27.49292,-64.86657,422,0
7133,-34.6193,-58.6343,968,0
4771,-31.34265,-66.59814,748,0
9488,-27.49957,-58.825571,226,0
9028,-27.4851896,-58.839681,704,0
5211,-35.533799,-58.002905,16,0
4346,-24.2122,-65.28515,705,0
9851,-24.226563,-65.275602,482,0
7838,-34.464955,-58.568842,1591,0
4205,-33.10333,-61.33138,733,0
5662,-31.34452,-61.23894,170,0
7049,-36.099009,-57.808253,34,0
1439,-34.853613,-58.502675,958,0
10383,-34.534882,-58.509322,823,0
9548,-34.76625,-58.4235,166,0
7004,-24.769381,-65.441566,1349,0
9082,-31.40783,-64.20366,112,0
3873,-31.40783,-64.20366,24,0
9090,-31.429009,-64.210405,794,0
3053,-34.79714,-58.40899,1308,0
4234,-24.37729,-65.11815,747,0
4062,-34.65563,-58.6133,57,0
2020,-32.029047,-64.190382,662,0
1363,-34.61814,-58.54339,34,0
8948,-31.897554,-63.644001,442,0
4484,-32.28354,-63.3577,721,0
277,-32.95127,-60.66815,1009,0
2188,-33.03171,-63.669851,24,0
9971,-37.951021,-57.580887,866,0
1805,-34.68645,-58.39756,837,0
8413,-35.38862,-58.80912,174,0
9776,-34.809835,-58.491554,950,0
1941,-23.1291,-64.33266,755,0
1946,-23.13773,-64.32391,8,0
1950,-22.736804,-64.356998,4,0
7944,-34.649138,-58.373083,1263,0
2821,-34.96159,-57.98604,10,0
3380,-34.878657,-57.879361,160,0
4119,-35.506926,-58.356282,184,0
3937,-34.42237,-58.87382,813,0
2625,-36.40971,-63.42113,202,0
6542,-34.957586,-67.691569,140,0
6543,-34.957586,-67.691569,80,0
2574,-33.92954,-64.40488,156,0
2619,-35.850427,-62.29788,164,0
2658,-34.67256,-63.36987,170,0
1588,-34.96858,-67.72254,711,0
6464,-30.63808,-66.26904,24,0
9143,-43.270209,-65.307137,888,0
2117,-43.256762,-65.301808,700,0
8121,-22.59189,-63.8033,753,0
3650,-34.663147,-58.538452,434,0
102,-36.78817,-59.8347,248,0
8489,-38.71692,-62.26867,590,0
11453,-31.232495,-59.98607,26,0
11438,-34.736901,-58.277766,108,0
8454,-34.595645,-68.389817,56,0
10092,-28.509079,-65.784583,350,0
3601,-31.425334,-64.170018,138,0
6349,-26.80958,-65.24794,132,0
6576,-23.20827,-64.09391,394,0
6513,-24.84085,-65.4331,888,0
8031,-23.944283,-64.799766,800,0
9902,-24.47932,-65.04057,410,0
3888,-26.8165,-65.27393,708,0
6963,-34.806615,-58.339849,914,0
5933,-34.798085,-58.425653,814,0
9362,-37.16486,-63.418134,18,0
10175,-36.238503,-66.932057,322,0
9739,-36.674245,-64.371851,796,0
8027,-33.059688,-68.539917,707,0
514,-32.96232,-69.19568,686,0
6456,-32.120707,-64.749609,5,0
5569,-34.49495,-58.76077,1084,0
9489,-31.618898,-60.705173,604,0
8854,-31.16498,-62.10068,664,0
5864,-34.23207,-61.10298,731,0
7497,-31.400237,-64.197139,233,0
1543,-32.868837,-68.854329,381,0
1854,-34.60582,-58.47502,116,0
1826,-34.67345,-58.47647,807,0
1052,-34.67305,-58.47792,805,0
10264,-34.67305,-58.47792,66,0
730,-33.93845,-69.08012,2,0
9652,-27.35071,-65.59343,510,0
7676,-32.758765,-68.394141,121,0
4927,-28.509984,-59.025838,732,0
6820,-34.562909,-58.47683,95,0
10906,-34.60393,-58.40905,86,0
7225,-38.378653,-60.277566,132,0
3011,-32.66411,-63.24492,729,0
4713,-26.844447,-65.200301,136,0
4140,-34.947913,-58.046092,489,0
7476,-34.72022,-58.570912,64,0
2328,-33.46125,-62.43959,737,0
2329,-33.48016,-62.3342,496,0
1703,-34.60751,-58.59372,751,0
1233,-27.66365,-65.24091,663,0
8915,-31.53489,-68.466462,722,0
2784,-33.07786,-68.48893,302,0
9332,-31.9184840317176,-63.6783569284943,608,0
1951,-31.67025,-63.88959,849,0
500,-33.80805,-61.32343,733,0
494,-33.65869,-61.45637,733,0
6560,-31.425501,-64.151109,1205,0
1113,-31.369866,-64.183586,1080,0
9676,-36.86633,-60.16698,8,0
2509,-34.69429,-58.57363,1400,0
2724,-48.1241,-67.64405,706,0
9789,-32.476087,-61.278572,208,0
9206,-31.393642,-64.211468,110,0
631,-32.587092,-61.172779,192,0
7209,-32.89659,-68.80982,892,0
2567,-45.85136,-67.47716,704,0
10066,-38.942179,-68.112445,334,0
1359,-38.94741,-68.04549,738,0
1360,-38.950339,-68.10064,738,0
9552,-38.911302,-68.144576,524,0
8191,-38.93223,-69.17173,722,0
1362,-38.955,-68.10624,738,0
10258,-31.287243,-64.293907,1106,0
10257,-31.464938,-64.426632,1118,0
10519,-31.313478,-64.288415,1146,0
6364,-34.95403,-67.69368,531,0
5675,-34.555804,-59.116318,142,0
6433,-38.718778,-62.297998,10,0
3921,-34.68224,-58.34318,751,0
2917,-34.666926,-59.44011,978,0
8331,-34.78436,-58.31392,741,0
8215,-34.761311,-58.27797,1018,0
6551,-35.19964,-59.09646,743,0
6855,-37.148276,-58.516319,147,0
6599,-31.45857,-64.10946,1384,0
4706,-31.380051,-64.147626,1396,0
6356,-31.379515,-64.148055,872,0
10609,-32.957065,-60.640697,61,0
10834,-32.9570581574464,-60.6409832903707,138,0
4264,-33.464575,-61.487442,128,0
6556,-34.60303,-58.44096,843,0
1799,-34.78488,-58.27874,449,0
10942,-31.42216,-64.18994,50,0
1249,-27.03889,-62.70885,749,0
483,-34.50259,-58.49553,1250,0
8020,-34.48871,-58.50065,1296,0
6105,-22.54182,-63.80293,766,0
2075,-28.5525,-66.81163,743,0
2064,-28.55974,-66.80446,743,0
5117,-31.80478,-59.16614,399,0
9654,-32.87405,-60.698902,388,0
2485,-34.904199,-57.97737,1240,0
9599,-33.019082,-60.88276,313,0
618,-34.60007,-58.46656,715,0
7200,-34.49314,-58.65676,845,0
7121,-24.78768,-65.42036,739,0
10727,-35.671595,-63.749916,84,0
3016,-35.671595,-63.749916,946,0
3538,-31.656087,-64.437966,882,0
4977,-35.81486,-61.89519,766,0
6409,-26.86644,-60.21504,737,0
8756,-31.808304,-59.028546,186,0
9580,-38.955045,-67.934618,512,0
7993,-35.85885,-62.06615,768,0
2054,-34.653138,-58.473356,746,0
2127,-37.95124,-57.58251,786,0
8986,-37.667358,-63.552239,645,0
9651,-34.60896,-58.46511,178,0
10361,-53.808584,-67.685041,440,0
2896,-53.77398,-67.72425,1329,0
6469,-33.664613,-63.637532,445,0
6470,-34.12666,-63.4014,462,0
7651,-33.057412,-68.546648,16,0
11118,-29.715417,-57.214972,302,0
8696,-29.08609,-56.56083,390,0
3112,-32.9306,-68.85006,824,0
8962,-32.933858,-68.849834,738,0
9338,-24.828776,-65.430137,738,0
5909,-24.81306,-65.42365,1064,0
9426,-27.349846,-65.591978,124,0
9427,-27.268545,-65.552252,124,0
2672,-34.596593,-58.464223,390,0
2631,-38.730479,-62.255489,114,0
4101,-37.980771,-57.582014,607,0
7191,-34.787043,-58.835403,952,0
2131,-34.63399,-58.6125,2,0
7436,-34.635024,-58.544826,872,0
3692,-32.940323,-60.723574,128,0
10174,-31.022237,-61.458058,26,0
6561,-27.48686,-58.80781,729,0
9702,-35.030647,-58.72476,512,0
7622,-34.819483,-58.276818,964,0
3357,-31.1373,-64.29673,673,0
6646,-31.1768,-64.30007,753,0
10259,-38.72496,-62.275,270,0
9161,-34.438996,-58.799765,1170,0
4506,-32.36653,-61.34996,739,0
4457,-28.19039,-65.10237,554,0
257,-33.559373,-62.875148,341,0
9537,-34.51889,-58.5143,507,0
11085,-31.421491,-64.207769,24,0
7129,-37.17206,-62.74465,499,0
7263,-32.87132,-60.69997,798,0
7411,-33.175712,-60.667424,334,0
6323,-34.584851,-58.537325,2,0
1395,-34.70615,-58.31967,1039,0
893,-34.68495,-58.30547,775,0
1133,-34.42717,-58.57424,817,0
1070,-34.5252,-58.47172,755,0
1104,-24.78026,-65.40299,749,0
1027,-34.44559,-58.87076,775,0
1108,-31.42452,-62.12753,741,0
4086,-31.55262,-68.49175,707,0
10131,-31.446393,-68.518975,36,0
6520,-27.39117,-55.89732,1391,0
6545,-27.3685,-55.89618,1390,0
7721,-32.921739,-60.674151,1208,0
7722,-32.951464,-60.671927,1045,0
7748,-33.009943,-60.676981,1222,0
10822,-39.008186,-68.424012,184,0
10738,-35.672544,-63.775506,104,0
10588,-35.33633,-64.120552,112,0
7374,-35.66441,-63.7575,384,0
10582,-36.15459,-63.85298,114,0
10103,-34.86838,-58.17968,644,0
10489,-36.393324,-57.694527,418,0
10046,-37.98836,-57.579649,474,0
9687,-37.98739,-57.582292,660,0
7880,-38.012246,-57.579651,848,0
10349,-38.088671,-57.545333,446,0
11227,-37.985764,-57.558507,100,0
1088,-34.57843,-58.52927,894,0
1077,-32.96368,-60.66689,763,0
6539,-32.90191,-68.86019,852,0
827,-34.68075,-58.45032,878,0
829,-36.79459,-59.84251,746,0
833,-34.71228,-58.27499,743,0
835,-34.60806,-58.44685,711,0
837,-32.26913,-58.23992,74,0
838,-45.8654,-67.49706,708,0
840,-31.36441,-64.23638,737,0
841,-34.50183,-58.64511,823,0
842,-32.48745,-58.25141,753,0
843,-34.59405,-60.9447,810,0
844,-38.38117,-60.27171,752,0
845,-34.75554,-58.40124,745,0
846,-32.89204,-68.83912,699,0
847,-34.6533,-58.63021,872,0
848,-36.90951,-60.31262,891,0
849,-34.61046,-58.41369,711,0
850,-32.95017,-60.65523,777,0
851,-31.72794,-60.53017,737,0
852,-40.04865,-70.07728,748,0
853,-34.45403,-58.90851,926,0
854,-38.88527,-62.08228,880,0
856,-29.14351,-59.65553,737,0
857,-27.45464,-58.98206,733,0
859,-31.42735,-64.17165,74,0
861,-31.54161,-68.51365,902,0
1123,-32.9037,-68.79444,864,0
7155,-26.81344,-65.29467,904,0
877,-38.00926,-57.54805,770,0
879,-31.74826,-60.50769,737,0
1136,-26.8336,-65.19337,900,0
883,-34.43996,-58.70625,956,0
882,-34.43964,-58.70571,767,0
1042,-32.65362,-60.82234,846,0
892,-34.68492,-58.30323,775,0
7308,-33.22699,-60.45886,743,0
8344,-32.638099,-62.245198,755,0
970,-32.03041,-60.99063,739,0
6182,-41.13265,-71.29829,732,0
6852,-34.58687,-58.37246,892,0
1137,-34.79277,-58.41428,802,0
6129,-26.81032,-65.2424,898,0
7720,-34.48164,-58.52753,909,0
7005,-37.24499,-56.97185,742,0
895,-34.55017,-58.46686,717,0
962,-34.54594,-58.47088,717,0
1503,-34.77354,-58.26792,970,0
7751,-34.46107,-58.52769,978,0
1130,-37.96546,-57.55294,913,0
1092,-34.59623,-58.42638,711,0
1497,-34.58485,-58.44468,711,0
6254,-31.37131,-64.23043,683,0
7386,-36.72085,-56.68982,899,0
1156,-34.57155,-58.50692,711,0
1159,-34.6085,-58.42903,896,0
1073,-34.64517,-58.48492,856,0
1128,-37.33173,-59.12652,945,0
1117,-34.6256,-68.33492,858,0
949,-34.61813,-58.53019,711,0
951,-34.57328,-58.69229,739,0
8119,-26.188126,-58.184211,733,0
1055,-34.69886,-58.39178,737,0
7561,-40.15461,-71.34293,750,0
988,-31.36394,-64.22602,737,0
1040,-34.49856,-58.48432,755,0
1145,-34.53086,-58.48022,892,0
1069,-26.82559,-65.23188,745,0
1068,-26.82505,-65.23168,745,0
1023,-34.64889,-58.68642,771,0
1109,-31.53604,-68.5145,739,0
6128,-31.3503,-64.25164,737,0
1099,-34.71472,-58.50775,751,0
1100,-34.7117,-58.5064,751,0
1505,-39.04304,-67.57906,732,0
863,-36.62118,-64.28967,734,0
6726,-32.99034,-60.64624,944,0
1102,-31.25759,-61.46482,926,0
1147,-31.41573,-64.49397,745,0
6367,-34.48686,-58.59114,917,0
6100,-32.92741,-68.73567,864,0
6413,-34.87522,-57.89605,898,0
7787,-38.72049,-62.25551,727,0
1087,-31.63544,-60.70268,741,0
1098,-31.25218,-61.49396,743,0
1065,-32.9063,-60.68838,934,0
963,-34.73624,-58.29475,908,0
953,-34.90691,-57.92711,747,0
1041,-34.9009,-57.96902,731,0
1105,-31.39505,-58.01638,751,0
1039,-34.48466,-58.61433,978,0
7719,-34.423148,-58.659174,833,0
1110,-33.29304,-66.33493,739,0
1025,-34.50534,-58.52572,903,0
1498,-34.5515,-58.43738,721,0
1140,-34.5239,-58.51176,888,0
1112,-33.35694,-60.19341,894,0
871,-31.29942,-64.28804,926,0
1024,-24.18291,-65.3069,763,0
874,-34.80085,-58.40806,755,0
862,-34.61425,-68.33647,719,0
986,-31.29497,-58.00603,751,0
6252,-34.66939,-58.38084,906,0
1090,-37.11009,-56.8705,826,0
1071,-34.58311,-58.4322,717,0
1026,-38.95967,-68.09026,748,0
6494,-34.94947,-57.94936,158,0
6439,-29.4145,-66.85227,743,0
1107,-34.44663,-58.54651,847,0
6253,-29.13705,-59.24453,749,0
991,-31.37099,-64.20616,904,0
940,-41.13475,-71.30973,732,0
6366,-34.63322,-58.79163,761,0
1146,-31.38621,-64.21846,731,0
1080,-38.73008,-62.25363,878,0
1848,-34.63503,-58.58628,731,0
1058,-32.93248,-68.79311,707,0
6412,-32.94298,-60.63895,994,0
1086,-29.72282,-57.11826,749,0
1161,-34.12133,-59.01412,906,0
1091,-27.44271,-55.87668,721,0
972,-32.66585,-58.44264,739,0
1157,-35.03745,-62.98867,752,0
955,-34.13488,-59.04729,904,0
1078,-34.4607,-58.63425,823,0
6179,-35.62447,-59.77806,1023,0
7152,-35.04167,-58.76205,751,0
999,-36.25744,-57.70929,764,0
865,-31.31649,-61.52125,737,0
1056,-36.02801,-59.08417,746,0
1134,-38.36091,-60.28756,1029,0
1075,-36.00135,-62.721,754,0
866,-36.01397,-62.75144,754,0
1149,-31.98675,-64.55373,934,0
1506,-37.03877,-62.38347,746,0
868,-32.59127,-69.34853,683,0
872,-34.58605,-58.98227,757,0
873,-34.58507,-58.98255,757,0
1152,-33.64284,-65.47184,737,0
1144,-33.75042,-61.97706,737,0
1499,-34.50864,-58.72854,755,0
1111,-34.53296,-58.70146,898,0
890,-34.4566,-58.72386,767,0
887,-34.45624,-58.72334,767,0
885,-34.19848,-58.93809,946,0
886,-34.19923,-58.93826,944,0
7580,-34.65749,-60.84512,810,0
8461,-33.412671,-67.117927,731,0
1094,-25.60448,-54.56256,733,0
947,-27.44068,-58.89462,737,0
996,-34.5131,-58.52238,761,0
994,-34.5131,-58.52105,761,0
1501,-32.94344,-60.64584,967,0
6493,-43.26341,-65.29137,722,0
869,-34.6449,-58.38923,711,0
935,-38.71989,-62.26875,878,0
1097,-42.7655,-65.03876,732,0
1459,-33.14139,-61.46588,48,0
1455,-33.245986,-61.364386,64,0
7067,-38.73431,-62.22092,508,0
8095,-31.391067,-64.143789,721,0
8373,-37.37485,-70.27371,724,0
10069,-35.678956,-63.792647,594,0
9171,-32.627522,-58.424228,696,0
689,-32.16181,-58.40154,759,0
1465,-32.20744,-58.21951,743,0
1467,-32.2212,-58.14638,743,0
10018,-32.233914,-58.157379,356,0
1592,-33.54186,-61.12553,733,0
7802,-32.94921,-68.85423,687,0
1345,-32.94171,-60.69341,759,0
5443,-34.372799,-59.127283,8,0
1177,-30.79154,-60.59728,733,0
1813,-26.29789,-59.36708,748,0
1736,-26.54256,-59.3289,764,0
5797,-26.18962,-59.35849,748,0
7647,-27.5939158834367,-65.6050748016097,342,0
7648,-28.049867,-65.497783,305,0
7674,-27.64311,-65.44447,194,0
2521,-34.63873,-58.50874,259,0
10808,-45.796039,-67.445131,208,0
3697,-45.89625,-67.54226,704,0
8171,-34.74281,-58.290223,826,0
8211,-34.732432,-58.280298,927,0
1486,-34.751199,-58.305895,912,0
3833,-34.83434,-58.38457,32,0
5822,-37.96296,-60.41319,8,0
8159,-31.33055,-63.62471,170,0
7609,-31.25922,-61.50737,1000,0
10070,-30.71724,-62.00342,8,0
8474,-30.888234,-62.986599,737,0
3805,-37.24601,-61.263834,152,0
2963,-34.609625,-68.348545,1230,0
2140,-31.01908,-62.06818,737,0
7496,-27.53418,-58.75928,741,0
7495,-27.48636,-58.77052,690,0
7494,-27.43703,-58.73507,664,0
3777,-36.22259,-64.27767,16,0
9399,-38.93749,-67.98633,570,0
2901,-31.010209,-62.674192,729,0
2897,-31.15126,-63.40799,729,0
7662,-31.810546,-62.5414755,1440,129.1
5321,-45.83693,-67.47601,704,0
5319,-46.4241,-67.5219,722,0
5320,-46.54515,-68.90998,742,0
8346,-46.546551,-67.603245,710,0
5315,-46.43779,-67.51861,722,0
5513,-34.638264,-68.370281,103,0
276,-34.63002,-58.68835,787,0
3086,-34.767032,-58.655015,616,0
6257,-33.92476,-64.3924,737,0
679,-39.376835,-62.650313,918,0
10095,-39.255404,-62.615339,522,0
678,-39.38967,-62.62986,918,0
4880,-26.879962,-60.225409,679,0
537,-33.359863,-69.146238,94,0
7074,-33.495126,-68.990738,25,0
8944,-38.08858,-63.42783,82,0
2490,-31.52438,-68.5553,478,0
672,-31.440781,-68.518341,1341,0
1872,-34.80748,-58.40329,807,0
4042,-32.905074,-60.689584,44,0
4197,-34.558992,-58.711547,142,0
4173,-34.642921,-58.577652,32,0
9806,-34.642921,-58.577652,41,0
2560,-38.7265,-68.16095,224,0
11241,-34.57277,-58.69191,42,0
1647,-35.03743,-64.2511,683,0
708,-26.513822,-61.168908,947,0
9111,-34.81079,-58.542162,162,0
9121,-32.921747,-60.675087,180,0
9119,-34.773234,-58.267362,182,0
9115,-34.641794,-58.624368,134,0
9109,-31.43337,-64.1589,192,0
9127,-34.59787,-58.4057,44,0
9116,-34.39814,-58.65099,158,0
9112,-34.475557,-58.574679,166,0
9113,-38.01948,-57.57122,140,0
9123,-34.679108,-58.55017,132,0
9110,-31.36437,-64.22483,264,0
9120,-32.957113,-60.640693,152,0
9125,-34.640861,-58.389601,378,0
9124,-34.768672,-58.396358,136,0
9122,-34.49912,-58.54305,162,0
9114,-38.006026,-57.56107,136,0
9117,-34.48593,-58.615328,268,0
9126,-34.639309,-58.518604,398,0
9118,-34.45575,-58.8978,140,0
9132,-38.75249,-62.28361,140,0
9602,-34.45025,-58.569536,709,0
10725,-34.453383,-58.576043,458,0
10094,-38.155486,-67.144677,502,0
8080,-32.951275,-60.654975,246,0
285,-34.59724,-58.49309,707,0
10357,-34.604521,-58.708813,846,0
9307,-34.09679,-59.02268,1236,0
9292,-34.578115,-58.528954,434,0
9288,-34.63736,-58.55289,290,0
9323,-34.64653,-58.52882,1334,0
9291,-31.43932,-64.12824,1360,0
9312,-34.49434,-58.55147,1356,0
9266,-34.49738,-58.55561,1348,0
9329,-34.57031,-58.443728,1186,0
9273,-37.9913,-57.5747,424,0
9313,-34.567834,-58.486913,1332,0
9299,-37.96682,-57.55063,228,0
9293,-34.586741,-58.441015,1128,0
9282,-34.64796,-58.42886,1096,0
9315,-34.508622,-58.479558,1224,0
9297,-32.928727,-60.73858,1392,0
9267,-34.615767,-58.527724,1184,0
9317,-31.29983,-64.28759,1392,0
9264,-34.72509,-58.251123,1284,0
9261,-34.64493,-58.52956,1334,0
9258,-37.10944,-56.87778,302,0
9262,-37.99974,-57.5963,384,0
9324,-34.62715,-58.38458,1354,0
9294,-34.61214,-58.40535,1368,0
9309,-34.621937,-58.428066,1178,0
9271,-34.578666,-58.406559,1184,0
9289,-34.53165,-58.46892,1284,0
9268,-34.547108,-58.457442,770,0
9283,-34.575093,-58.46287,1184,0
9275,-34.528166,-58.480985,1376,0
9276,-34.551232,-58.721325,380,0
9302,-34.163292,-58.960525,1282,0
9269,-34.562204,-58.466072,1190,0
9277,-34.583515,-58.4973,1188,0
9272,-34.486592,-58.617543,256,0
9303,-38.70385,-62.269456,332,0
9316,-34.72767,-58.261732,1244,0
9287,-34.57287,-58.544,20,0
9295,-34.632283,-58.62624,220,0
9310,-34.61029,-58.41152,1384,0
9314,-34.63288,-58.47931,1182,0
9300,-34.17469,-58.96012,1282,0
9319,-34.748822,-58.581549,1366,0
9318,-34.808928,-58.277861,1398,0
9320,-31.40009,-64.17335,1382,0
9274,-32.949665,-60.682007,1134,0
9285,-31.40749,-64.17769,354,0
9321,-33.00897,-60.66501,1402,0
9301,-32.94073,-60.67093,16,0
9278,-34.74212,-58.49545,472,0
9260,-34.650873,-58.512705,1304,0
9280,-34.61422,-58.46062,1176,0
9279,-34.45721,-58.62828,322,0
9305,-34.63214,-58.5015,1174,0
9328,-34.585982,-58.398697,1184,0
9327,-31.39059,-64.20382,524,0
9322,-37.999086,-57.553949,498,0
9281,-34.51751,-58.512892,378,0
9265,-32.942095,-60.661196,1422,0
9326,-34.510049,-58.524386,474,0
9263,-31.64137,-60.65909,1362,0
9325,-34.84049,-58.1879,1496,0
9306,-34.45039,-58.87058,1418,0
9304,-34.12473,-59.022212,1390,0
9270,-34.394724,-58.739655,1516,0
9298,-34.191044,-58.944916,1422,0
9296,-34.606209,-58.450831,1162,0
9308,-32.96089,-60.64002,1436,0
9290,-38.68556,-62.22917,246,0
9311,-34.563836,-58.496603,1330,0
9786,-33.134074,-60.571999,970,0
9781,-34.11047,-59.12373,996,0
9958,-34.762436,-58.178297,976,0
9959,-34.762909,-58.179328,976,0
7567,-34.78428,-58.16619,767,0
5001,-34.57885,-60.95838,6,0
7768,-32.68501,-58.88189,54,0
4495,-31.51929,-68.52893,744,0
7078,-31.57471,-68.5466,743,0
7610,-33.31721,-62.03351,205,0
6797,-33.061004,-65.637016,438,0
425,-33.20262,-60.4917,718,0
1032,-34.449074,-58.94969,914,0
9712,-29.872399,-61.939834,454,0
334,-34.37305,-59.13262,755,0
6186,-38.54162,-58.6811,780,0
10217,-33.782652,-59.644668,884,0
151,-31.564589,-63.530203,1064,0
6902,-34.732855,-58.46407,685,0
1609,-34.764406,-58.432281,290,0
1957,-37.12995,-56.87914,810,0
111,-42.9131,-71.31945,710,0
1377,-37.27398,-57.76697,740,0
5149,-34.655476,-58.496289,868,0
9611,-35.144409,-64.499164,190,0
9753,-51.61693,-69.22559,330,0
2652,-38.72496,-62.275,749,0
4808,-34.646324,-58.636157,779,0
6862,-26.808091,-65.255274,1327,0
1619,-34.56592,-58.702027,836,0
2857,-32.88329,-68.8601,799,0
9777,-37.96682,-57.55063,646,0
5424,-36.48076,-63.61978,12,0
167,-34.649702,-58.524011,604,0
3217,-34.46075,-58.57318,846,0
215,-36.904279,-60.329203,673,0
178,-36.90143,-60.32246,744,0
217,-36.87727,-60.30231,638,0
213,-36.896,-60.32157,634,0
5885,-36.01459,-59.06957,680,0
10240,-34.78085,-58.83535,438,0
3501,-34.649838,-58.405482,940,0
7904,-38.950608,-68.100639,6,0
8070,-32.34663,-65.003979,760,0
3849,-34.642033,-58.36878,16,0
7310,-34.62355,-58.392934,24,0
3364,-34.57277,-58.69191,944,0
6982,-33.40165,-61.84545,756,0
7115,-34.60513,-58.76598,839,0
6339,-31.43233,-64.23708,1469,0
1171,-31.43264,-64.24875,1447,0
5709,-31.43264,-64.24875,308,0
5703,-31.399812,-64.175279,800,0
5706,-31.393642,-64.211468,54,0
5705,-31.41158,-64.17542,846,0
732,-34.56905,-59.10755,859,0
5737,-34.988475,-58.382147,1152,0
10800,-31.795986,-58.317753,127,0
6920,-33.0367,-68.86836,96,0
2989,-35.57699,-57.97977,380,0
2279,-28.48996,-59.34633,733,0
207,-34.20868,-61.35795,731,0
6298,-24.2543345,-65.207862,2,0
1271,-32.92744,-68.82088,679,0
4080,-31.64642,-63.90618,729,0
4258,-34.551479,-58.559984,46,0
3399,-33.09544,-60.79344,262,0
3044,-33.29598,-66.32277,735,0
10743,-29.160959,-59.243966,224,0
7697,-32.948367,-60.689794,140,0
4227,-32.952328,-60.667627,52,0
8236,-36.45585,-62.86904,742,0
2998,-31.438307,-62.095213,836,0
3900,-31.68573,-60.77977,838,0
3901,-31.601767,-60.712355,856,0
2995,-31.438268,-62.06878,848,0
3896,-31.41613,-62.09473,514,0
2750,-34.563043,-58.617111,1240,0
9868,-34.941001,-58.168302,770,0
5587,-34.31793,-62.04213,134,0
2046,-34.51108,-61.50928,146,0
8429,-34.84328,-64.58473,243,0
9022,-24.199166,-65.286542,40,0
10225,-24.19762,-65.28768,425,0
1085,-36.37323,-56.7177,738,0
8124,-32.68996,-58.88087,758,0
6985,-34.38106,-64.493,40,0
10120,-34.60842,-58.515555,314,0
4524,-29.229322,-61.773452,570,0
187,-31.396878,-58.022773,1218,0
8718,-34.666075,-58.600729,124,0
8174,-26.850203,-65.167677,192,0
6272,-32.6641,-62.297,246,0
10474,-32.6641,-62.297,252,0
5824,-32.43954,-58.63069,365,0
11043,-32.43954,-58.63069,58,0
1586,-34.697592,-58.369724,838,0
3716,-33.92693,-60.38065,735,0
2284,-33.90002,-60.58499,735,0
11315,-34.77354,-58.26792,26,0
10267,-34.76031,-58.27791,354,0
8245,-26.968823,-55.057563,768,0
1704,-26.822904,-55.028748,762,0
7562,-26.682353,-66.044239,4,0
5020,-35.274075,-58.408377,198,0
7166,-24.19531,-65.29728,344,0
9732,-24.78402,-65.40272,474,0
7228,-24.8085,-65.39618,831,0
7848,-31.761582,-60.461889,804,0
4309,-30.9559,-58.79016,950,0
10156,-35.001391,-59.279791,482,0
5275,-39.23732,-70.91201,724,0
11052,-33.070127,-68.480762,80,0
5906,-25.50477,-64.97571,757,0
4592,-34.52303,-58.51023,875,0
5278,-27.46708,-58.790259,906,0
9038,-26.802335,-65.291546,708,0
9506,-27.197716,-59.278599,274,0
5277,-27.42648,-58.94577,818,0
6037,-36.84707,-59.95863,180,0
964,-27.73713,-64.24568,737,0
3788,-33.31085,-61.05755,48,0
2735,-33.38127,-61.18944,48,0
6204,-31.44965,-64.5071,86,0
3438,-42.75729,-65.03904,758,0
1580,-38.034996,-60.090439,8,0
1488,-27.09148,-61.08372,745,0
1751,-27.11503,-61.07852,745,0
3403,-36.59126,-64.28179,734,0
3698,-26.86982,-60.21657,546,0
2746,-28.466164,-65.769964,1093,0
8257,-34.292743,-60.256005,731,0
2696,-34.20008,-60.71635,733,0
7419,-32.936173,-60.696364,1178,0
3723,-27.46175,-58.7692,733,0
1083,-31.44156,-64.12653,1505,0
1748,-32.810698,-63.874034,34,0
9025,-27.767487,-64.234766,1206,0
9934,-34.53165,-58.46892,488,0
10330,-36.801776,-63.33642,242,0
11188,-37.458559,-63.585745,12,0
5332,-38.69556,-62.27622,727,0
6145,-38.724173,-62.291171,272,0
6461,-38.714507,-62.260063,274,0
8131,-38.715715,-62.303682,731,0
1396,-43.249086,-65.314583,741,0
11053,-34.674581,-59.399948,46,0
498,-28.63088,-65.12128,753,0
6021,-28.63441667,-65.12981667,753,0
7526,-29.70899,-57.09216,648,0
7671,-26.53766,-59.33003,280,0
3274,-26.9677,-60.96051,200,0
222,-32.99714,-60.66491,1237,0
4539,-27.7470108974086,-64.24063449622,830,0
1215,-24.79459,-65.39926,722,0
1210,-24.79874,-65.43238,829,0
6941,-32.89887,-60.69147,916,0
6851,-37.32309,-59.13884,746,0
2370,-37.31345,-59.11282,746,0
4813,-28.45465,-65.78806,755,0
8136,-35.45032,-60.8958,742,0
6806,-35.97117,-62.73312,742,0
2088,-35.475682,-60.864987,820,0
10090,-35.489016,-60.888844,54,0
8137,-35.45944,-60.92319,742,0
8651,-27.347321,-65.588593,604,0
957,-25.60176,-54.57216,729,0
930,-26.0277,-54.5869,729,0
9180,-34.473637,-58.534165,867,0
4508,-27.31619,-58.577262,316,0
4511,-27.47689,-58.78962,396,0
4503,-27.350032,-58.23466,320,0
9863,-34.707595,-58.399102,610,0
5399,-38.53877,-70.36723,724,0
3260,-36.000212,-62.720079,134,0
11070,-34.911266,-57.921177,178,0
2642,-27.589849,-56.688236,170,0
9900,-34.587167,-60.947122,618,0
1669,-30.01158,-59.527255,328,0
1670,-30.035351,-59.53028,542,0
7607,-41.132374,-71.284091,382,0
8327,-34.531518,-58.469358,166,0
9799,-37.872525,-67.792113,678,0
7290,-26.92665,-65.33445,819,0
7502,-26.833386,-65.234056,641,0
7372,-27.912379,-63.893075,38,0
8650,-26.86376,-65.69612,686,0
391,-28.8938739791217,-62.2651281626129,54,0
405,-28.46122,-62.10594,54,0
1577,-38.024325,-57.564572,1145,0
2850,-31.73017,-60.47547,166,0
2835,-34.788773,-58.30709,132,0
2801,-34.89489,-58.39002,110,0
2819,-34.481347,-58.55509,158,0
6615,-27.447,-58.9763,300,0
6617,-27.485181,-58.837847,430,0
7010,-24.170046,-65.312551,791,0
7076,-24.191972,-65.302298,625,0
230,-26.80423,-60.45,838,0
1155,-31.417552,-64.197855,980,0
1160,-31.414814,-64.200441,976,0
1457,-38.015566,-57.596745,8,0
3144,-28.618855,-61.622931,6,0
4463,-34.62408,-58.40604,707,0
9576,-27.418011,-59.023607,300,0
1809,-34.84621,-58.51005,863,0
3729,-27.79913,-64.263279,1098,0
8654,-34.7868,-58.23821,765,0
6719,-35.19519,-59.11475,572,0
10599,-33.397025,-64.732853,8,0
9657,-33.397025,-64.732853,644,0
3537,-36.61596,-64.28115,796,0
3844,-36.508664,-63.860347,56,0
535,-31.43663,-64.169,863,0
1648,-33.019108,-60.618525,950,0
9911,-32.845589,-60.70686,849,0
250,-31.64328,-68.53842,742,0
4388,-27.391452,-55.908746,1094,0
4389,-27.390345,-55.912383,1090,0
4390,-27.04266,-55.23486,918,0
8374,-34.887249,-58.028847,690,0
3202,-27.44651,-58.99211,721,0
8123,-27.78396,-64.26737,997,0
9802,-27.436883,-58.98505,468,0
1613,-32.89315,-60.69981,431,0
1604,-29.89844,-60.28055,581,0
6812,-34.509058,-58.728884,1201,0
6813,-34.47597,-58.66318,315,0
1224,-26.82283,-65.20239,737,0
7861,-26.771314,-65.271581,979,0
1222,-26.84405,-65.16662,858,0
1227,-26.83563,-65.26051,822,0
1221,-26.83885,-65.16615,737,0
2047,-30.75483,-57.98359,836,0
6821,-34.64011,-58.5371,851,0
3664,-38.994351,-64.089718,818,0
3706,-38.969403,-64.082053,776,0
288,-45.8176,-67.45735,704,0
10540,-38.990856,-61.554789,208,0
2568,-38.02616,-61.38298,326,0
4673,-31.252584,-61.505123,1084,0
9932,-33.49353,-60.94884,536,0
161,-33.39122,-64.72264,739,0
149,-27.801325,-64.282014,781,0
8334,-31.442723,-60.928632,1008,0
5226,-31.45283,-60.933834,1002,0
10139,-45.890740321946,-68.5802485894769,144,0
10937,-45.890740321946,-68.5802485894769,70,0
2396,-45.74228,-68.28864,542,0
5035,-31.794122,-60.97718,510,0
1250,-27.93838,-63.86301,783,0
1188,-35.69017,-63.78216,736,0
4754,-30.531898,-61.962585,62,0
11292,-27.825466,-64.224264,156,0
10576,-27.81945,-64.24854,406,0
4522,-27.81609,-64.23728,886,0
997,-35.65811,-63.75555,728,0
6722,-35.65491,-63.74796,728,0
9993,-35.642374,-63.783163,420,0
3560,-31.40269,-64.21924,1290,0
3585,-34.28361,-62.69007,42,0
7867,-32.923057,-68.85983,259,0
8963,-33.016102,-58.527928,698,0
4010,-39.08153,-67.15952,722,0
7545,-33.013289,-58.521435,680,0
8964,-33.284183,-58.712381,300,0
2382,-37.31287,-59.14456,746,0
2383,-37.62774,-58.74478,746,0
7450,-36.678968,-64.371966,730,0
3429,-43.25364,-65.31338,702,0
8875,-43.25364,-65.31338,669,0
11284,-43.2909770201769,-65.1120606254568,32,0
3507,-43.25322,-65.33367,704,0
8876,-43.25322,-65.33367,672,0
8877,-43.30346,-65.09284,714,0
9147,-38.365234,-60.291488,928,0
2916,-38.380816,-60.251833,960,0
10212,-38.85203,-60.0733,8,0
670,-26.62533,-54.11388,540,0
657,-27.08564,-54.83207,540,0
664,-27.02556,-54.68721,540,0
748,-27.09508,-54.89331,538,0
737,-27.39704,-55.90966,721,0
735,-27.39119,-55.90045,721,0
668,-26.9962,-54.48334,721,0
733,-27.293766,-54.203619,540,0
626,-27.48613,-55.12423,721,0
9517,-25.694289,-54.051445,490,0
8408,-29.714474,-57.216356,742,0
734,-27.02948,-55.2146,721,0
635,-27.48475,-55.0907,721,0
653,-27.00435,-54.50154,538,0
914,-32.33157,-58.26125,747,0
688,-27.21907,-54.97168,18,0
660,-27.34193,-55.05366,540,0
700,-26.74347,-54.2976,10,0
648,-27.11256,-54.90307,721,0
695,-27.52373,-54.72804,16,0
736,-38.9004,-70.0655,724,0
1300,-34.609397,-58.417218,246,0
2447,-35.62924,-59.781532,729,0
2123,-26.819758,-65.256326,830,0
115,-27.43418,-59.00773,222,0
242,-27.44477,-59.007536,758,0
239,-27.51023,-58.94163,441,0
238,-27.47377,-59.00404,368,0
1424,-32.98877,-68.46686,697,0
6584,-31.41455,-64.50346,4,0
1557,-42.06804,-71.51748,746,0
7262,-33.242263,-61.357071,758,0
5692,-35.659506,-63.749856,127,0
5304,-35.659506,-63.749856,900,0
750,-33.9326,-60.95393,762,0
8148,-34.707323,-58.586257,27,0
9962,-37.1077,-56.87666,626,0
3968,-31.5630186840877,-63.5446499742498,739,0
3917,-31.67465,-60.75605,94,0
7796,-34.9434,-57.96595,784,0
7795,-34.94925,-57.957803,450,0
7906,-38.97408,-61.289401,862,0
9568,-31.421851,-64.142838,614,0
6239,-24.183333,-65.300431,168,0
10183,-32.929035,-60.80508,364,0
1326,-34.642216,-58.490032,4,0
5768,-34.554789,-58.574333,1141,0
6061,-34.64601,-58.59449,765,0
5158,-33.911637,-60.565819,841,0
8409,-33.49353,-60.94884,16,0
8748,-34.961337,-58.011235,727,0
326,-34.64353,-58.42332,54,0
2439,-33.138865,-64.354957,1286,0
2434,-33.13643,-64.33555,1136,0
2534,-33.137913,-64.340426,1282,0
1713,-33.4586,-61.49036,486,0
1827,-34.67292,-58.60797,1279,0
7519,-31.37174,-58.03056,673,0
7520,-31.391348,-58.03365,85,0
4640,-32.99562,-60.64498,1032,0
3998,-30.871477,-62.025658,6,0
4000,-30.867438,-62.035619,737,0
7672,-32.89194,-60.89183,904,0
8275,-32.92274,-60.80618,803,0
7877,-32.60729,-63.57641,960,0
2533,-33.461131,-61.513307,713,0
8354,-34.449467,-58.950938,909,0
1849,-34.59957,-58.561467,1792,0
9169,-34.771716,-58.649907,877,0
7660,-35.10499,-60.48205,949,0
713,-35.17147,-58.23061,867,0
6612,-27.180996,-64.486552,118,0
8921,-30.794514,-57.913861,426,0
2826,-40.82257,-62.98732,1756,0
2843,-40.79401,-62.99518,982,0
2828,-40.80644,-63.00764,1690,0
7316,-40.8097,-62.99983,956,0
2840,-40.812409,-62.990975,1002,0
11429,-41.0404392553681,-62.8325699269046,8,0
6731,-40.81344,-63.01938,1524,0
7512,-27.339088,-65.584049,822,0
9818,-34.903929,-60.009538,482,0
3068,-35.657183,-61.40056,627,0
6844,-33.692671,-65.44963,56,0
10606,-36.454387,-62.869438,58,0
5111,-36.45555,-62.86064,2612,0
1658,-31.86889,-59.02668,739,0
6458,-37.939611,-57.657223,1422,0
3468,-26.83905,-65.22744,837,0
8083,-33.351521,-61.446307,2,0
1654,-34.489767,-58.622959,506,0
10222,-34.48593,-58.615328,37,0
152,-34.62599,-58.4272,842,0
6897,-33.072357,-68.47547,612,0
11108,-32.904995,-68.866282,94,0
1335,-34.624023,-58.40367,2,0
496,-34.61401,-58.47265,707,0
3179,-32.93416,-60.70508,879,0
2741,-34.67096,-58.53706,1630,0
2101,-34.663658,-58.521062,90,0
1089,-31.757933,-60.511655,770,0
8314,-34.66008,-58.50346,670,0
11425,-34.48466,-58.61433,38,0
7151,-34.634514,-58.546208,958,0
7976,-35.496992,-62.980307,2,0
1510,-34.63599,-58.43253,707,0
5313,-34.747581,-58.22571,802,0
1666,-33.29459,-66.31504,1261,0
9589,-34.430819,-58.554941,55,0
815,-34.41813,-58.57949,825,0
256,-27.915189,-55.752353,644,0
189,-27.40198,-55.92174,1477,0
195,-27.38403,-55.90018,1472,0
258,-27.917119,-55.756528,926,0
3258,-31.79165,-65.00059,733,0
8992,-33.283996,-66.343303,1030,0
1437,-34.607365,-60.066754,882,0
1399,-34.29373,-60.245577,944,0
910,-34.29667,-60.225299,1025,0
1366,-34.16019,-60.30161,592,0
4660,-34.714611,-58.306362,737,0
673,-34.619131,-68.320536,940,0
758,-34.67677,-58.56492,741,0
762,-34.72951,-58.505,839,0
11028,-32.936618,-68.780501,54,0
11029,-32.981213,-68.789433,56,0
3183,-35.19585,-62.77524,734,0
11014,-38.559697,-58.716076,104,0
6700,-34.864192,-58.047072,55,0
2259,-31.86824,-59.72892,745,0
7009,-34.545806,-58.499781,1020,0
9015,-31.18503,-59.95676,142,0
5595,-34.711422,-58.310269,94,0
5596,-34.730861,-58.246767,114,0
5598,-34.774632,-58.2818,92,0
5589,-34.723855,-58.256393,956,0
4562,-31.246663,-61.471413,569,0
4561,-31.23699,-61.50258,570,0
4564,-30.39716,-61.6492,560,0
9104,-33.172412,-63.281992,770,0
3590,-34.776702,-58.306688,16,0
7022,-35.046444,-58.752616,474,0
7332,-35.402582,-59.335465,296,0
7066,-34.618152,-58.91114,66,0
9451,-26.831168,-65.219449,166,0
9814,-26.82082,-65.25294,136,0
10177,-26.819584,-65.30376,134,0
9067,-26.834157,-65.259706,187,0
8248,-35.438619,-62.725174,271,0
10386,-31.74945,-61.09834,436,0
4159,-30.07692,-57.99862,751,0
3517,-32.07169,-64.52837,636,0
5470,-36.63106,-64.28124,491,0
2233,-34.66663,-58.57608,334,0
9530,-36.898194,-60.307309,556,0
7980,-27.51579,-58.56514,564,0
2138,-34.69582,-58.31859,923,0
2314,-33.65878,-65.46374,636,0
1348,-34.614074,-58.380233,66,0
1407,-51.61897,-69.23276,639,0
1166,-33.05412,-65.62088,743,0
2603,-32.92003,-65.36373,741,0
7250,-31.56144,-68.55006,805,0
8453,-27.419109,-55.931025,721,0
7144,-27.3725,-55.91182,721,0
9482,-27.415353,-55.912687,544,0
4401,-34.283141,-62.697852,427,0
2808,-26.53444,-59.3326,745,0
2676,-27.449388,-58.983054,721,0
2815,-26.64734,-58.6248,745,0
7331,-34.72611,-58.25081,1041,0
489,-38.82155,-62.70155,719,0
8686,-24.47932,-65.04057,138,0
8680,-22.51512,-63.79234,16,0
3513,-24.731016,-64.193477,745,0
6261,-37.294835,-57.001924,378,0
7788,-36.72107,-56.679214,711,0
10332,-36.691807,-56.684446,342,0
5973,-37.141623,-56.894645,698,0
4789,-37.977133,-57.574587,766,0
7936,-37.0075,-57.13432,690,0
9669,-37.16051,-58.48761,488,0
8264,-36.71031,-56.70273,770,0
4496,-37.156618,-56.93026,354,0
8213,-36.295086,-57.689958,702,0
9073,-34.727177,-58.300538,144,0
581,-34.69622,-58.46858,827,0
8172,-34.601342,-58.401062,10,0
7503,-31.37176,-64.222054,1216,0
9515,-35.759473,-58.496964,622,0
9927,-34.768672,-58.396358,224,0
9923,-34.81079,-58.542162,1076,0
9925,-34.48593,-58.615328,100,0
10296,-34.773234,-58.267362,980,0
9928,-34.59787,-58.4057,40,0
9931,-32.921747,-60.675087,1114,0
10295,-38.006026,-57.56107,954,0
9929,-34.639309,-58.518604,228,0
10292,-38.75249,-62.28361,920,0
9924,-34.39814,-58.65099,1026,0
10298,-34.49912,-58.54305,952,0
10027,-34.47597,-58.66318,348,0
10294,-38.01948,-57.57122,92,0
9926,-34.679108,-58.55017,1030,0
10297,-32.957113,-60.640693,216,0
10293,-34.475557,-58.574679,1012,0
9930,-34.640861,-58.389601,990,0
8212,-37.872525,-67.792113,359,0
4358,-27.49692,-64.85714,54,0
1352,-34.642886,-58.413388,102,0
6888,-33.14235,-61.46716,432,0
539,-27.42947,-65.60995,751,0
8477,-27.766682,-65.583418,753,0
3239,-32.71924,-59.39084,8,0
7390,-29.10906,-59.65037,1172,0
5581,-34.726602,-58.261829,1141,0
2583,-32.75147,-63.78651,770,0
1888,-34.66259,-58.67476,238,0
1151,-25.597955,-54.57068,1146,0
10333,-27.3697928,-55.9416219,763,0
10336,-25.670346,-54.043354,738,0
10856,-25.627891,-54.578076,524,0
9627,-31.336555,-64.26253,490,0
6564,-31.37146,-64.17586,761,0
3222,-34.70065,-58.40978,632,0
8126,-26.841552,-65.236161,56,0
2761,-34.62242,-58.42905,707,0
11222,-27.44477,-59.007536,168,0
8227,-31.65679,-59.89742,890,0
8228,-31.665181,-59.900755,672,0
2523,-31.34969,-64.34002,697,0
4256,-31.667625,-60.756317,88,0
2180,-34.668567,-58.417468,234,0
9819,-37.01401,-62.41491,260,0
10125,-33.840256,-65.172545,248,0
8008,-44.048483,-70.593582,706,0
300,-28.37175,-67.07191667,747,0
1985,-31.38953,-64.13709,58,0
9135,-31.38953,-64.13709,681,0
2831,-34.654299,-58.529815,1259,0
6160,-24.190227,-65.305004,22,0
4665,-34.77389,-58.40528,914,0
4674,-34.81361,-58.39735,576,0
9700,-34.136557,-63.392931,476,0
197,-34.14491,-63.39136,729,0
198,-34.80629,-64.37075,729,0
6005,-36.2815,-62.55717,1089,0
4051,-35.27033,-59.560931,14,0
6910,-32.99105,-60.66301,505,0
3848,-34.631585,-58.416726,20,0
6227,-34.629488,-58.571501,354,0
1601,-32.93094,-68.7435,732,0
9495,-27.796,-64.25074,776,0
6481,-33.06562,-68.47812,822,0
6263,-34.42152,-58.59268,1046,0
3572,-34.61019,-58.43038,701,0
6946,-39.03299,-67.58957,728,0
6505,-39.043211,-67.578501,16,0
9146,-39.04304,-67.57906,674,0
10366,-39.093892,-67.082803,312,0
6525,-39.09751,-67.07611,722,0
6527,-39.11639,-66.92901,722,0
7881,-32.841917,-68.827446,3,0
5008,-35.02381,-58.42371,743,0
9969,-32.120707,-64.749609,364,0
3690,-34.68672,-58.56222,876,0
10122,-34.612509,-58.870009,416,0
3677,-34.63276,-58.47808,852,0
1978,-35.056864,-60.271188,1080,0
8337,-35.44325,-60.88106,742,0
260,-34.65074,-58.57627,741,0
2798,-34.643716,-58.470253,862,0
1753,-34.107348,-59.010342,37,0
7893,-34.886876,-60.007222,37,0
6429,-34.90895,-60.00405,39,0
1961,-33.12991,-64.34054,674,0
1411,-34.898849,-60.01679,930,0
7455,-30.71223,-64.8102,138,0
1244,-30.73688,-64.7911,753,0
5090,-35.0547,-64.26599,890,0
6300,-35.05475,-64.26315,900,0
5086,-35.043055,-64.244447,892,0
5087,-35.066,-64.52208,818,0
10831,-36.63106,-64.28124,315,0
9909,-34.80411,-62.19248,602,0
4021,-33.910351,-60.571346,65,0
3458,-32.920304,-60.724794,1060,0
3449,-32.932646,-60.713266,1068,0
4298,-31.658682,-64.409942,525,0
4629,-34.68307,-58.570641,462,0
2386,-32.918109,-68.743296,64,0
7138,-34.62891,-58.438732,702,0
7137,-34.62423,-58.45066,700,0
6594,-31.78105,-63.79772,737,0
1630,-34.472176,-58.537244,950,0
5970,-34.86063,-61.53903,740,0
8912,-26.842079,-65.21405,36,0
1818,-34.685151,-58.398444,1041,0
3715,-34.62963,-58.39123,925,0
3712,-34.630339,-58.390665,786,0
7714,-34.658943,-58.512661,784,0
10793,-34.633144,-58.765195,352,0
10016,-41.132176,-71.357012,798,0
9259,-41.07112,-71.168807,1236,0
9647,-41.160059,-71.31714,983,0
11250,-41.135943,-71.224843,196,0
7394,-34.448113,-58.700665,160,0
1234,-26.839818,-65.223738,28,0
9956,-33.024506,-60.63739,82,0
10119,-38.70385,-62.269456,722,0
1893,-38.70489,-62.33754,1118,0
2450,-34.773853,-58.281393,708,0
1235,-40.793473,-62.978125,1006,0
7052,-34.910827,-57.956597,540,0
146,-35.43964,-58.80169,802,0
556,-34.59358,-58.53643,737,0
2191,-34.767057,-58.272784,766,0
6847,-34.787899,-58.254766,620,0
3283,-31.907892,-63.687693,2,0
3495,-31.537998,-68.551518,756,0
4653,-27.579638,-60.731256,610,0
4662,-27.57015,-60.71799,170,0
4656,-27.28446,-60.41613,18,0
4668,-27.17675,-60.61926,20,0
1952,-43.28517,-65.49439,12,0
2945,-34.63932,-58.454156,6,0
4839,-34.66961,-58.62871,898,0
4306,-34.847768,-61.505347,76,0
1955,-34.20565,-60.727,782,0
5979,-33.88881,-60.57185,899,0
2251,-34.20049,-60.71676,870,0
1819,-34.578653,-58.470058,1169,0
2685,-34.4649,-58.544398,1248,0
4779,-33.76018,-61.95751,1479,0
4784,-33.736548,-61.963219,1478,0
4782,-33.7258,-61.99759,733,0
4780,-33.75842,-61.97118,1480,0
3017,-24.53117,-65.07605,751,0
7602,-34.709237,-58.419686,794,0
10052,-35.42733,-60.17012,288,0
7488,-35.419691,-60.1795,4,0
7487,-35.42733,-60.17012,726,0
1383,-29.18412,-58.08063,700,0
766,-34.81026,-58.2595,795,0
858,-34.683407,-58.619769,942,0
7986,-34.89914,-57.96729,571,0
2951,-28.9883393823185,-59.103955894165,1133,0
8945,-36.776474,-59.076512,12,0
5157,-36.776474,-59.076512,600,0
3412,-32.97165,-60.68695,911,0
3417,-32.98029,-60.73683,1060,0
2967,-34.616298,-58.37617,327,0
5288,-34.624422,-58.59508,1222,0
10666,-34.694266,-58.548604,26,0
9334,-34.53296,-58.70146,186,0
3302,-34.72374,-58.79146,735,0
228,-32.36515,-59.30798,120,0
487,-33.375463,-61.186059,770,0
671,-34.707362205,-58.550881389,553,0
6886,-27.88292,-59.27924,749,0
6225,-32.31517,-59.145919,150,0
5170,-31.44964,-60.91233,6,0
7865,-34.84097,-61.49434,734,0
3210,-34.489862,-58.524312,400,0
9208,-39.052002,-67.530619,6,0
8458,-31.305109,-60.657935,24,0
8308,-40.82645,-65.34644,24,0
10506,-30.737792,-59.641364,312,0
10304,-39.021807,-67.586645,368,0
10644,-33.8127,-59.50788,307,0
8047,-37.84793,-58.25788,730,0
745,-37.817,-58.22072,730,0
2239,-31.672128,-60.768094,869,0
8033,-30.99589,-64.10237,1176,0
9613,-34.413533,-58.701461,1136,0
3289,-33.535689,-60.797127,728,0
5975,-31.97568,-64.37056,779,0
8243,-33.65996,-60.70846,728,0
8656,-27.64924,-67.02976,742,0
2025,-36.00449,-58.13971,8,0
3894,-24.39114,-65.2573,160,0
795,-31.529514,-68.515424,116,0
147,-31.50872,-68.52467,928,0
1401,-31.6447,-68.28637,860,0
273,-31.5666,-68.53378,44,0
138,-31.54527,-68.50526,188,0
274,-31.56261,-68.545053,86,0
10726,-31.56659,-68.53422,38,0
5156,-32.608663,-60.946931,10,0
6521,-31.726152,-65.006114,1147,0
9921,-30.737524,-58.005008,419,0
1540,-31.5113,-68.54714,739,0
9752,-32.912831,-68.797369,434,0
8907,-32.89406,-68.82343,678,0
8330,-32.9382,-68.84037,2,0
8329,-32.904486,-68.820967,596,0
2539,-33.0939,-68.8789,690,0
8908,-33.0939,-68.8789,674,0
6970,-32.91458,-68.824168,1022,0
1541,-33.010317,-60.635443,96,0
9767,-33.069943,-60.582896,184,0
5828,-31.23897,-64.46587,156,0
9942,-31.23897,-64.46587,102,0
7900,-31.42413,-64.19855,719,0
7902,-31.42402,-64.19905,142,0
5901,-27.72329,-64.23014,322,0
3262,-34.16538,-58.97712,984,0
1651,-34.97752,-67.67512,719,0
1623,-38.95984,-68.05106,738,0
1621,-38.9503,-68.08867,738,0
1626,-38.95477,-68.06789,738,0
7469,-34.56824,-58.84927,126,0
2129,-34.437334,-58.781342,106,0
7894,-31.47412,-64.2033,1521,0
9241,-35.766188,-58.519063,260,0
2009,-34.58477,-58.60418,714,0
2698,-35.083,-57.74048,733,0
5478,-34.48558,-58.77419,906,0
6079,-37.969368,-57.590913,46,0
640,-34.63467,-58.50788,541,0
7564,-27.40746,-65.60465,420,0
10547,-32.94921,-68.85423,334,0
9174,-27.74575,-55.78205,898,0
1788,-32.95208,-68.83443,813,0
2076,-32.348838,-65.015472,966,0
8995,-31.292508,-58.005946,819,0
667,-33.09271,-64.31488,729,0
1995,-34.56979,-58.54002,733,0
11352,-31.34265,-66.59814,124,0
4418,-26.798294,-60.445426,745,0
225,-26.79205,-60.44076,745,0
3733,-32.72014,-68.59673,703,0
6529,-32.218408,-58.233165,114,0
6531,-31.614468,-58.508931,112,0
7119,-32.154278,-58.389022,112,0
6530,-31.022793,-57.962841,112,0
10638,-28.592554,-62.954952,442,0
10157,-34.905446,-58.044699,399,0
8382,-27.254991,-65.352486,87,0
10270,-34.38106,-64.493,424,0
5234,-28.25516,-58.62879,745,0
1251,-35.63749,-59.78071,654,0
3127,-34.620699,-58.381639,80,0
1994,-34.55108,-58.58309,734,0
10153,-37.9913,-57.5747,1052,0
10023,-37.99974,-57.5963,1206,0
11001,-35.041295,-58.408382,492,0
10152,-37.999086,-57.553949,1138,0
11103,-27.051833361845,-65.3933791219285,94,0
2505,-34.732736,-58.419745,102,0
5853,-33.035198,-59.004795,734,0
1664,-32.92158,-68.79069,805,0
10064,-34.51874,-58.525486,523,0
265,-33.885825,-61.128525,502,0
8050,-27.825103,-64.246229,80,0
6943,-34.687878,-58.557985,1110,0
2556,-37.857159,-58.268316,814,0
2561,-37.838436,-58.266195,816,0
2573,-37.970515,-58.40491,594,0
2136,-37.67676,-58.44468,615,0
9094,-28.49509,-65.78078,723,0
6748,-31.026366,-64.055608,52,0
1795,-34.658444,-58.529475,2,0
704,-31.4739,-64.20266,1327,0
9037,-31.1938134,-64.2880289,1217,0
3199,-32.9404,-60.7093,751,0
1527,-51.62232,-69.26007,708,0
10963,-51.6396465,-69.2877735,256,0.9
8675,-51.61925,-69.22418,700,0
5691,-46.5828,-70.92831,676,0
509,-27.491237,-55.101832,742,0
508,-27.48553,-55.12291,742,0
10772,-34.557566,-58.728092,32,0
2419,-34.46806,-58.54212,1001,0
739,-27.87031,-55.13451,571,0
740,-26.582324,-54.726414,20,0
10669,-27.853646,-55.149184,278,0
557,-30.581613,-59.940594,733,0
9357,-34.78563,-58.62767,578,0
9411,-34.70175,-58.58013,642,0
9908,-34.81081,-58.63718,437,0
8069,-34.757758,-58.607954,664,0
4658,-34.63293,-58.516747,940,0
2854,-34.52201,-58.52263,992,0
2232,-34.67004,-58.558029,712,0
3931,-34.62245,-58.39,707,0
364,-32.845589,-60.70686,38,0
351,-32.7634,-60.7327,490,0
5512,-37.325004,-59.133744,948,0
5814,-34.570626,-58.520936,787,0
10703,-35.709713,-58.899323,72,0
6907,-36.016834,-59.097403,342,0
4154,-34.539632,-58.71594,851,0
2389,-34.917875,-57.932308,718,0
9444,-34.94947,-57.94936,581,0
1238,-31.3596963449353,-64.2034129827076,601,0
10312,-35.45136,-58.82395,488,0
5093,-34.24388,-61.09029,404,0
5092,-34.09972,-61.13494,192,0
6975,-27.78028,-64.26018,466,0
5191,-31.550092,-68.522799,824,0
4033,-36.35951,-60.00576,734,0
1490,-32.92944,-68.75451,701,0
711,-31.46064,-64.109494,1291,0
9252,-31.411426,-64.261925,446,0
565,-31.425742,-64.088682,1068,0
563,-31.423437,-64.094762,1054,0
7234,-27.3928,-55.912739,289,0
3256,-31.53757,-68.53478,755,0
884,-22.51538333,-63.80736667,757,0
2066,-29.146183,-59.264739,828,0
2168,-31.37207,-64.14753,609,0
4408,-33.751598,-61.960733,838,0
7655,-34.56768,-60.94558,414,0
10071,-34.59296,-60.96002,334,0
918,-34.57541,-60.93603,820,0
5116,-31.329675,-63.626633,906,0
2269,-33.431244,-60.770976,780,0
2966,-32.42785,-63.31407,729,0
5369,-37.86905,-57.94149,116,0
3836,-37.3159,-59.97198,742,0
1474,-33.20391,-68.37245,709,0
7783,-37.18029,-59.04105,573,0
4732,-34.47702,-63.53211,780,0
1391,-33.2434,-60.31498,917,0
5839,-32.04557,-63.56633,729,0
7237,-31.41239,-64.20745,852,0
10144,-31.249696,-64.249151,406,0
8566,-33.684711,-65.500071,661,0
8104,-33.67293,-65.47073,858,0
6078,-31.40538,-64.473789,16,0
2477,-26.811649,-65.238599,1211,0
1206,-40.730461,-64.953181,72,0
6476,-36.779264,-59.856351,988,0
6477,-36.935538,-60.230045,260,0
1392,-34.66544,-58.69443,865,0
6786,-27.26055,-65.35076,770,0
9839,-27.26055,-65.35076,144,0
7092,-37.36714,-63.78034,18,0
3679,-33.914305,-64.389089,10,0
3685,-33.93124,-64.3951,8,0
11091,-37.013336,-57.132164,64,0
8924,-37.018792,-57.110237,555,0
5124,-54.50983,-67.19089,714,0
5009,-31.503683,-60.72826,505,0
7996,-31.584485,-60.690762,858,0
830,-31.54006,-60.68811,268,0
9988,-26.917879,-65.331043,330,0
3419,-36.776006,-59.856317,126,0
3413,-36.78144,-59.862217,132,0
7340,-40.800308,-62.982327,893,0
8355,-37.59838,-62.40936,772,0
7301,-37.59286,-62.41933,868,0
6729,-34.43619,-58.561496,713,0
8288,-33.154683,-60.503595,506,0
9790,-33.245986,-61.364386,96,0
9754,-31.36437,-64.22483,948,0
6673,-27.64291,-55.50152,36,0
6478,-38.09943,-62.21819,804,0
3181,-29.14451,-59.25876,1054,0
4305,-34.18106,-62.02283,16,0
4302,-34.32122,-62.03701,16,0
1115,-31.39189,-61.07749,733,0
8916,-32.636328,-58.69842,438,0
5167,-31.44257,-60.930525,2,0
6614,-26.61573,-54.11292,1013,0
6595,-27.22069,-54.97253,802,0
2602,-26.99857,-54.49387,1002,0
8546,-27.010869,-54.468776,1008,0
2617,-27.83365,-61.13834,737,0
5075,-27.825987,-61.109606,8,0
2975,-31.49243,-64.16868,562,0
943,-30.69935,-61.04426,579,0
6815,-32.964911,-68.853604,112,0
3209,-32.94999,-68.78707,906,0
6655,-34.70238,-58.33944,889,0
10233,-32.30371,-59.14156,489,0
4323,-31.97983,-68.44052,670,0
4462,-38.942266,-68.062475,1220,0
9133,-26.818379,-55.027061,683,0
8384,-35.816421,-61.910109,1094,0
6352,-35.84771,-61.90913,826,0
2531,-34.652593,-58.421614,262,0
10844,-27.764973,-64.359365,186,0
5426,-34.008487,-61.599559,660,0
2267,-29.14811,-59.26558,758,0
3351,-33.60479,-69.10395,723,0
5366,-34.715687,-58.395017,338,0
6191,-31.4455575678327,-64.1486483205168,582,0
6829,-31.316479,-64.288492,570,0
8357,-31.440666,-64.160479,596,0
9623,-24.44284,-65.17043,582,0
3578,-31.33136,-64.26374,1645,0
928,-31.03282,-58.07312,747,0
3083,-31.431306,-61.257423,42,0
2171,-34.701693,-58.401313,534,0
5636,-34.701693,-58.401313,40,0
6365,-37.470567,-61.928988,2,0
7017,-37.183589,-62.766077,2,0
8132,-29.35295,-62.42985,846,0
9595,-29.232648,-61.76835,436,0
10527,-34.318365,-58.987519,210,0
7540,-34.50299,-58.56092,830,0
10458,-34.58717,-58.52579,412,0
4619,-26.80183,-65.1904,943,0
8341,-33.577807,-62.617957,22,0
3665,-34.731948,-58.248155,407,0
6964,-34.838791,-64.370127,317,0
5510,-34.567257,-59.11371,756,0
8812,-31.427765,-68.494938,362,0
8977,-33.12668,-60.80148,71,0
3979,-33.12668,-60.80148,146,0
1965,-33.895601,-60.563887,275,0
5677,-34.7102,-58.2708,729,0
1810,-32.978438,-60.644465,777,0
11491,-31.26107,-61.49344,8,0
11501,-31.25096,-61.49159,8,0
11275,-31.246663,-61.471413,192,0
4195,-39.027128,-67.587232,314,0
2882,-31.407486,-62.30936,934,0
9817,-34.61105,-60.95844,438,0
7566,-38.986781,-64.114935,120,0
4023,-33.89103,-60.58064,1053,0
3340,-33.1079070914557,-61.7024532592774,932,0
9492,-25.94809,-60.62244,758,0
7423,-32.75884,-63.79789,488,0
7965,-33.747792,-61.961724,26,0
6892,-34.47947,-58.52314,709,0
5633,-34.522691,-58.761406,1026,0
5969,-34.869372,-61.531609,254,0
9798,-34.402076,-58.634021,544,0
8265,-34.399189,-58.64639,692,0
117,-26.85519,-65.70955,750,0
123,-26.936247,-65.675995,743,0
645,-35.4559,-69.58617,749,0
6242,-33.11246,-64.35401,635,0
7934,-31.385265,-58.015274,1034,0
2597,-27.4873,-55.12546,1238,0
2594,-27.50182,-55.11191,1234,0
9215,-31.431306,-61.257423,736,0
11138,-33.577807,-62.617957,370,0
8058,-33.136495,-64.367507,658,0
9221,-38.162252,-58.781939,1124,0
11341,-32.241159,-58.235983,38,0
9536,-31.667625,-60.756317,432,0
400,-31.75546,-60.497235,852,0
5496,-34.56841,-58.47168,707,0
5507,-34.774572,-59.682812,746,0
777,-34.64389,-58.49628,813,0
10229,-31.576236,-61.365165,166,0
10893,-35.141515,-60.458368,210,0
10324,-35.12505,-60.49963,348,0
8120,-34.408566,-58.7254,1525,0
9347,-38.92803,-67.990329,654,0
1125,-38.94122,-68.00297,732,0
1118,-38.83255,-68.07243,736,0
7396,-37.7656,-67.71952,1140,0
7395,-37.66158,-67.75026,997,0
9637,-35.05339,-64.24113,200,0
6971,-31.646115,-60.718329,8,0
6944,-31.729962,-60.530849,8,0
6945,-31.438227,-64.501213,8,0
3884,-31.41443,-64.48813,10,0
4849,-27.401434,-55.902606,1050,0
580,-34.72567,-58.53188,749,0
10420,-34.74212,-58.49545,132,0
2944,-34.39287,-59.02698,474,0
2849,-32.968275,-60.641055,568,0
1837,-34.853803,-58.657215,634,0
6344,-32.92569,-68.83679,726,0
10753,-37.888079,-57.602389,16,0
8681,-34.70903,-58.504607,512,0
515,-34.32953,-58.98814,751,0
6839,-37.951021,-57.580887,1816,0
6675,-34.62832,-58.69057,2105,0
7680,-37.987999,-57.5677,1698,0
10912,-34.6106175291582,-59.1760455738344,572,0
7915,-34.63484,-58.7834,8,0
9244,-34.605201,-58.819249,1856,0
5617,-34.667294,-58.709483,70,0
1394,-34.667294,-58.709483,1566,0
1403,-34.66545,-58.7357,1543,0
5639,-34.66545,-58.7357,68,0
3185,-34.46332,-58.91279,757,0
3204,-34.46834,-58.91723,871,0
7800,-38.6912,-62.23381667,296,0
1526,-33.68995,-65.47289,921,0
6610,-33.673998,-65.450468,858,0
6334,-33.087833,-60.567954,792,0
6401,-34.719968,-58.595685,226,0
6330,-31.393438,-64.270178,432,0
7740,-31.287243,-64.293907,398,0
7741,-31.437377,-64.326381,362,0
8777,-31.464938,-64.426632,400,0
10965,-28.8896,-62.27287,148,0
8079,-34.608243,-58.463643,1190,0
3602,-34.454303,-58.732678,742,0
6948,-35.3975,-59.408727,1018,0
7227,-34.69924,-58.54211,635,0
5508,-26.17319,-58.19467,733,0
1962,-29.156804,-59.260174,662,0
8871,-32.98107,-60.65147,586,0
2851,-34.559454,-59.091719,1199,0
3143,-34.6575,-58.47865,859,0
2248,-31.592874,-60.940837,733,0
7840,-33.132006,-59.315385,118,0
820,-34.60565,-58.44044,319,0
6241,-24.83838,-65.44944,793,0
9972,-34.557095,-59.035694,373,0
8023,-34.58717,-58.52579,569,0
1393,-31.343103,-64.235932,1375,0
6958,-24.76886,-65.411859,876,0
2481,-34.59864,-58.390564,897,0
2290,-31.383869,-64.176113,1018,0
1163,-31.41863,-64.2273,863,0
8687,-31.39329,-64.095911,974,0
9601,-34.99083,-58.042168,72,0
5579,-34.75155,-58.26735,388,0
3720,-34.753022,-58.289601,1372,0
3986,-34.65763,-58.65883,727,0
10132,-34.687634,-58.522049,350,0
3519,-34.69111,-58.553455,385,0
3727,-34.953085,-57.95281,8,0
2524,-31.514204,-59.837679,907,0
1165,-31.458672,-64.168987,984,0
7278,-24.786262,-65.427478,82,0
11011,-24.786262,-65.427478,12,0
2900,-24.84127,-65.43408,821,0
7143,-24.81867,-65.41089,694,0
749,-32.981257,-60.635845,866,0
2417,-36.63536,-64.29788,840,0
3384,-34.54496,-58.58172,1471,0
10141,-24.39058,-65.14934,391,0
5789,-36.903557,-60.319981,1196,0
9429,-27.771906,-64.344812,1159,0
3394,-34.55232,-58.72308,26,0
5805,-37.818149,-58.219553,634,0
5427,-34.26688,-62.7015,16,0
1269,-31.19361,-64.31371,805,0
7776,-28.97165,-59.09655,860,0
9648,-34.448934,-58.896504,548,0
4349,-38.01616,-57.56022,802,0
2353,-36.22222,-61.10516,24,0
5733,-35.04102,-62.993765,2,0
7274,-31.390998,-58.035661,1098,0
8404,-24.438914,-65.012756,532,0
4547,-34.452818,-58.538881,912,0
5728,-31.393695,-64.211005,119,0
8372,-24.81348,-65.40033,70,0
3743,-31.58528,-60.0725,1006,0
1725,-33.88058,-62.83953,729,0
709,-25.9463,-60.61833,745,0
8554,-35.59821,-64.55888,8,0
5220,-34.8859,-60.007,896,0
8412,-30.99317,-57.91749,739,0
5877,-31.946887,-65.190229,116,0
259,-27.467161,-58.821191,729,0
10980,-28.4823236363532,-65.7375747487378,346,0
6832,-39.002376,-67.848085,1804,0
8139,-31.60312,-60.67456,840,0
10918,-27.437049,-58.970487,448,0
499,-34.919559,-57.988914,12,0
501,-34.946813,-57.94568,20,0
6375,-24.378323,-65.119355,50,0
8383,-24.38875,-65.25676,18,0
7175,-23.154029,-64.327149,50,0
7614,-24.667837,-65.054295,40,0
8241,-24.823605,-65.410635,52,0
144,-32.91504,-60.68541,759,0
1996,-34.57475,-58.59721,700,0
1979,-33.21617,-68.48459,711,0
8182,-32.912625,-68.833215,333,0
4834,-34.451795,-58.91615,1022,0
4443,-32.899471,-68.851513,122,0
4440,-32.852546,-68.834548,130,0
10971,-30.866957,-61.348432,178,0
6845,-37.98202,-63.60197,664,0
4248,-32.251078,-62.931779,4,0
5721,-34.545401,-59.122565,172,0
7477,-32.84911,-61.256706,8,0
6062,-31.330719,-64.21054,468,0
10423,-34.75155,-58.26735,468,0
517,-34.569744,-58.491754,5,0
3032,-34.195965,-60.731593,736,0
3033,-34.20261,-60.71811,738,0
1620,-34.71778,-58.35778,804,0
5876,-30.741836,-59.600129,152,0
1198,-34.78518,-58.30103,853,0
6923,-38.71866,-62.25397,838,0
530,-33.88979,-61.10513,842,0
528,-33.894609,-61.101907,858,0
8742,-26.77269,-65.229324,737,0
10954,-34.776702,-58.306688,78,0
6787,-34.65543,-58.34805,552,0
7997,-36.22888,-61.11585,814,0
5992,-35.629154,-59.782673,235,0
1458,-34.6415,-58.48784,837,0
8259,-24.67493,-65.05001,24,0
8797,-32.188865,-64.119423,108,0
6400,-34.705546,-58.434309,68,0
9453,-34.86851,-58.54048,872,0
10382,-31.39059,-64.20382,876,0
8768,-27.816875,-64.272758,80,0
3151,-36.612924,-64.280959,1008,0
2690,-37.585019,-62.417683,990,0
7230,-35.834398,-61.860597,1032,0
7942,-35.68612,-63.78309,1136,0
2448,-33.462428815744,-62.4329910314789,8,0
1548,-34.60581,-58.6204,4,0
6332,-34.69202,-58.59978,893,0
5972,-31.86577,-60.5742,739,0
10927,-29.149364,-59.657089,140,0
2024,-34.583249,-58.580777,134,0
4794,-34.665547,-58.626926,100,0
5377,-27.600872,-61.309309,552,0
8351,-27.488008,-61.667656,502,0
6170,-31.30063,-63.76164,399,0
10322,-31.30063,-63.76164,338,0
6988,-31.232495,-59.98607,778,0
10943,-37.818854,-58.220747,337,0
9021,-38.0055177080873,-57.5599527688378,1012,0
6644,-32.720312,-60.760026,722,0
4005,-30.30844,-61.23293,725,0
2323,-38.162252,-58.781939,54,0
5353,-32.89416,-60.71416,222,0
2421,-34.97565,-67.69403,707,0
4576,-32.016274,-62.915557,1259,0
6333,-31.26587,-61.0718,194,0
3876,-25.10483,-65.53392,558,0
3726,-35.80919,-61.89963,766,0
8983,-31.87381,-62.70357,132,0
6150,-30.99568,-62.82662,4,0
7950,-39.03493,-67.53889,266,0
1344,-31.0194861282196,-64.0641220144614,745,0
5665,-34.55627,-59.117009,844,0
2327,-33.62681,-62.39911,737,0
3864,-26.81297,-65.21493,733,0
5592,-34.819063,-58.394857,1314,0
1010,-32.55948,-65.24419,737,0
3454,-34.92568,-57.93377,438,0
2708,-28.58483,-62.96539,781,0
4308,-27.09917,-61.06724,1028,0
770,-34.59098,-58.51259,707,0
229,-32.385948,-59.787786,899,0
227,-32.397771,-59.789718,894,0
231,-32.39234,-59.78721,866,0
2032,-38.73949,-61.26278,742,0
8757,-34.98879,-58.00333,719,0
1907,-27.436883,-58.98505,729,0
295,-25.07385,-65.49706,769,0
4896,-36.678968,-64.371966,24,0
5363,-29.784501,-58.071546,834,0
7248,-34.83695,-64.58334,136,0
8297,-29.42726,-66.86027,21,0
2804,-29.27258,-65.05583,1196,0
8697,-24.233087,-64.868674,348,0
2469,-31.95059,-65.15667,627,0
7347,-31.95353,-65.17226,633,0
2089,-33.28703,-66.3238,588,0
7951,-32.891192,-68.830971,1164,0
6868,-26.790011,-65.186776,22,0
2011,-34.661656,-58.388413,966,0
7104,-34.5783,-58.5143,109,0
2012,-34.5215,-58.51331,995,0
8276,-38.70962,-62.27739,715,0
778,-34.60842,-58.515555,361,0
1315,-34.52534,-58.50692,751,0
8339,-34.62074,-58.45426,827,0
9995,-34.42717,-58.57424,64,0
3100,-34.56364,-58.43717,536,0
3004,-34.52658,-58.5732,735,0
7784,-34.674,-58.34451,757,0
3002,-34.6499440131249,-58.4612921455595,705,0
7391,-34.47261,-58.67051,819,0
3102,-49.97979,-68.92874,714,0
9670,-34.853613,-58.502675,518,0
2721,-34.933903,-57.980366,556,0
2718,-34.93288,-57.97984,714,0
3953,-34.78327,-58.23157,1067,0
9825,-27.4321332231631,-65.6131401928569,854,0
8311,-24.829537,-65.408963,827,0
4398,-31.76832,-61.823343,812,0
9076,-34.55232,-58.72308,1283,0
5842,-34.573853,-58.583866,638,0
9013,-26.335158,-60.428084,986,0
3476,-34.44974,-58.6627,14,0
942,-27.4582,-58.99222,178,0
9957,-31.3958,-64.1117,505,0
7750,-32.970852,-60.660467,878,0
7929,-33.017719,-60.63266,998,0
10956,-30.869253,-61.349707,336,0
2565,-30.866957,-61.348432,716,0
6772,-34.61656,-58.54049,783,0
4799,-22.516155,-63.806437,4,0
1585,-38.38007,-60.27942,8,0
2538,-33.50026,-64.31475,729,0
7832,-22.53684,-63.79751,10,0
4150,-34.50313,-58.52915,216,0
5341,-38.016197,-57.574515,78,0
5325,-38.000907,-57.566793,8,0
10750,-35.616422,-61.369258,252,0
7736,-33.054307,-68.881386,130,0
1448,-31.6078,-60.719829,138,0
1449,-31.740288,-60.531655,162,0
7218,-34.63377,-58.40586,1331,0
7127,-32.897419,-68.851593,12,0
2570,-32.969436,-68.876874,8,0
241,-39.31095,-65.7553,904,0
4112,-34.72232,-58.51167,791,0
5048,-31.373146,-64.218997,70,0
1842,-34.776695,-58.391605,102,0
8416,-34.49543,-61.54189,723,0
8417,-35.08649,-61.51842,734,0
8467,-34.63446,-58.46313,692,0
11107,-37.289926,-59.171556,80,0
4741,-34.287902,-60.240109,1062,0
8222,-34.32265,-60.23462,1058,0
961,-34.68861,-58.63646,749,0
984,-34.692992,-58.636888,631,0
9850,-26.8531,-65.22399,574,0
8402,-26.815549,-65.249303,136,0
6304,-34.597426,-60.956531,770,0
4158,-34.86934,-61.52978,734,0
5923,-36.26222,-57.70861,1139,0
2926,-34.62518,-58.63213,1241,0
2310,-26.86989,-65.18081,126,0
2325,-26.82382,-65.15444,769,0
2312,-26.83767,-65.17014,767,0
10158,-34.952477,-58.827929,356,0
2806,-34.435032,-58.567637,10,0
8181,-34.7331,-58.40987,759,0
9797,-27.774872,-64.271024,308,0
8015,-34.778489,-58.28988,741,0
7072,-34.791616,-58.311399,801,0
4866,-24.18221,-65.31105,162,0
2620,-34.83881,-64.5912,678,0
8445,-34.756587,-65.271465,598,0
459,-34.966945,-57.979556,68,0
6080,-34.615345,-58.473055,48,0
4526,-32.923331,-60.800029,822,0
760,-34.496,-61.53957,32,0
8365,-29.17355,-56.64431,118,0
6826,-34.38711,-58.56164,6,0
4410,-35.17976,-59.06496,1261,0
5912,-38.779991,-62.267456,374,0
6026,-35.64199,-61.36655,8,0
6028,-35.64199,-61.36655,212,0
7299,-34.64604,-58.46665,223,0
10360,-34.878657,-57.879361,253,0
7643,-33.15202,-60.51637,733,0
3067,-34.665873,-58.725249,854,0
3066,-34.648549,-58.658267,800,0
2674,-34.631439,-58.382504,1022,0
6065,-34.50824,-58.49177,743,0
3055,-34.541403,-58.505795,1238,0
3554,-31.741516,-60.540548,1082,0
3552,-31.742513,-60.517637,286,0
9100,-30.944164,-61.540902,731,0
4502,-30.944164,-61.540902,36,0
8564,-34.855344,-58.074867,564,0
9497,-34.81079,-58.542162,202,0
9501,-32.921747,-60.675087,221,0
9498,-34.773234,-58.267362,342,0
9421,-34.6433,-58.62566,148,0
9499,-34.39814,-58.65099,205,0
9420,-34.475557,-58.574679,396,0
9418,-38.01948,-57.57122,364,0
9424,-34.679108,-58.55017,230,0
9606,-31.36437,-64.22483,32,0
9500,-32.957113,-60.640693,310,0
9425,-34.768672,-58.396358,220,0
9423,-34.49912,-58.54305,360,0
9419,-38.006026,-57.56107,368,0
9607,-34.48593,-58.615328,118,0
9422,-34.45575,-58.8978,506,0
9417,-38.75249,-62.28361,348,0
7173,-37.95504,-57.58017,1224,0
7054,-35.05339,-64.24113,94,0
7381,-29.16083,-59.65793,1003,0
9756,-31.63024,-60.71369,114,0
9897,-31.60797,-60.5798,246,0
4465,-34.694432,-58.330386,100,0
9973,-34.848391,-62.466534,789,0
4364,-34.848391,-62.466534,273,0
10500,-26.81468,-65.20675,564,0
8128,-34.755087,-58.348081,406,0
1013,-34.722681,-58.444264,1146,0
4567,-37.99028,-57.6079,734,0
10712,-47.74799,-65.89476,248,0
8358,-38.03229,-57.587749,1376,0
10249,-34.641794,-58.624368,122,0
6999,-34.12546,-59.08166,224,0
3431,-32.922755,-60.684638,896,0
6246,-36.489781,-56.710936,464,0
2511,-32.95468,-60.641512,130,0
511,-30.9777,-64.08457,833,0
8406,-41.13871,-71.28922,1406,0
8790,-41.13288,-71.31828,1066,0
10864,-29.444947,-66.858283,172,0
1571,-50.33918,-72.277,46,0
5986,-36.454572,-62.859386,358,0
11210,-34.6707440164711,-59.03496230861,212,0
724,-34.68369,-58.69812,813,0
1009,-31.102546,-60.094545,496,0
2885,-34.57828,-58.64179,793,0
1546,-33.33619,-60.22293,882,0
5982,-35.08531,-57.74556,8,0
1741,-34.696968,-58.469329,970,0
6405,-34.677647,-58.40714,170,0
3845,-36.85395,-63.68845,886,0
3505,-33.63144,-64.02395,741,0
5358,-32.399697,-63.255558,124,0
8481,-27.472391,-58.80598,729,0
6927,-35.87708,-57.89432,732,0
6316,-33.15008,-64.35806,806,0
6327,-32.692544,-64.721839,4,0
1983,-33.094232,-64.36238,830,0
3372,-34.8981,-57.93922,973,0
3377,-34.752691,-58.215585,1320,0
5466,-31.427823,-62.096764,346,0
9493,-26.850203,-65.167677,842,0
2752,-33.0869,-68.461327,94,0
1262,-33.12634,-63.03738,737,0
3038,-34.848024,-58.09911,248,0
7321,-34.655269,-58.33713,1151,0
3224,-38.89443,-63.13782,723,0
3852,-31.658633,-68.273608,792,0
7843,-34.789161,-58.408165,588,0
11214,-34.950468,-57.903292,56,0
7354,-33.032278,-68.894716,114,0
6631,-34.61613,-58.63396,30,0
2893,-34.60174,-58.45408,731,0
4434,-34.85636,-58.39301,948,0
7212,-27.805147,-64.270198,1077,0
7279,-26.83736,-65.235697,10,0
9946,-33.017719,-60.63266,182,0
8780,-28.45287,-65.781734,746,0
8088,-28.470436,-65.693457,1256,0
4797,-35.667133,-63.737824,994,0
2920,-34.61563,-58.44907,707,0
7577,-34.640598,-58.516891,833,0
3164,-32.85886,-68.84226,39,0
1277,-28.842208,-59.638538,6,0
1294,-28.229666,-61.520308,8,0
9158,-28.8938739791217,-62.2651281626129,703,0
369,-29.11767,-59.65515,733,0
9159,-28.46122,-62.10594,703,0
1290,-29.2012,-59.746375,4,0
1273,-29.13234,-59.947624,5,0
1282,-28.971851,-59.849326,6,0
1270,-28.72454,-59.47665,6,0
10667,-34.85086,-58.27908,1412,0
7574,-34.41682,-58.9656,765,0
7413,-34.648654,-58.611952,76,0
481,-34.630028,-58.363559,932,0
6831,-34.53666,-58.54609,756,0
5364,-35.028677,-63.581982,12,0
11000,-34.4599670259593,-58.7440184006266,170,0
3212,-34.577387,-58.47525,122,0
1471,-36.02493,-60.01416,734,0
7933,-33.88076,-60.57573,592,0
4231,-38.57779,-58.7291,24,0
1440,-36.24894,-61.10412,742,0
10866,-34.681701,-58.385423,243,0
2499,-54.79351,-68.26198,722,0
5285,-34.60954,-58.57149,38,0
6961,-36.60136,-61.74426,534,0
7990,-35.026991,-58.744459,670,0
6099,-32.989737,-68.665533,14,0
10600,-32.918109,-68.743296,68,0
2021,-32.41611,-63.2317,737,0
2195,-32.63603,-62.69352,737,0
5820,-31.964977,-63.384376,452,0
6942,-38.009931,-57.546745,1015,0
180,-43.073408,-71.460581,900,0
8980,-33.643874,-69.152189,502,0
7459,-29.32767,-68.22771,747,0
4817,-23.13207,-64.32239,941,0
6488,-39.41411,-65.69169,728,0
9003,-29.71371,-57.21458,436,0
1794,-29.78981,-58.08849,495,0
502,-32.002635,-60.58563,815,0
10798,-27.710064,-64.196765,614,0
8451,-31.44416,-64.18698,813,0
572,-34.78957,-58.27835,120,0
3348,-34.72092,-58.78981,6,0
8157,-34.662584,-58.749885,868,0
9632,-32.901743,-68.696964,486,0
10163,-34.46107,-58.52769,300,0
433,-34.810578,-58.401001,982,0
6983,-34.7099,-58.366622,330,0
439,-34.67931,-58.404202,160,0
9736,-34.57291,-58.55211,726,0
3881,-34.761144,-58.38582,74,0
5079,-33.73533,-61.97704,442,0
6992,-33.774189,-61.95889,56,0
6991,-33.735563,-61.97682,56,0
9224,-38.95919,-68.07009,546,0
9734,-38.96009,-68.03979,322,0
3503,-32.962808,-61.552108,6,0
8094,-31.738228,-60.52161,156,0
6416,-34.6399,-58.625694,10,0
3831,-34.59866,-58.63597,801,0
4518,-33.435,-60.7842,28,0
9102,-33.435,-60.7842,388,0
7101,-27.38538,-55.91865,721,0
7100,-27.36719,-55.93519,721,0
7325,-46.79331,-67.96057,724,0
7326,-46.79611,-67.94898,18,0
1999,-46.54107,-68.92466,734,0
2000,-46.202751,-69.289066,4,0
3026,-35.672544,-63.775506,522,0
170,-34.628799,-58.516089,894,0
2516,-46.4611,-67.51647,882,0
2514,-46.4417,-67.5173,881,0
2283,-34.627607,-68.328961,2158,0
9591,-31.41443,-64.48813,378,0
9590,-31.438227,-64.501213,394,0
7324,-30.35143,-66.31232,490,0
9682,-31.37682,-64.12866,522,0
4018,-31.3419,-64.20751,724,0
6933,-32.92626,-60.6671,1422,0
1164,-33.92921,-64.44558,669,0
7928,-32.98138,-60.644507,995,0
11239,-27.732214,-64.237367,34,0
10812,-32.93776,-68.85827,97,0
11235,-32.87682,-68.85656,27,0
10811,-32.87682,-68.85656,34,0
3098,-34.86928,-58.09709,1445,0
7456,-35.87211,-57.89714,1222,0
10607,-35.871505,-57.897419,226,0
11428,-34.655476,-58.496289,116,0
2536,-34.51649,-58.57009,1489,0
3317,-32.937626,-60.688421,878,0
7309,-32.71762,-60.73139,876,0
7735,-32.753359,-60.734517,856,0
4070,-34.90913,-57.97961,868,0
1172,-33.621756,-64.593042,24,0
3391,-31.50994,-68.5171,737,0
9333,-26.810498,-65.191549,810,0
7925,-31.48796,-64.20629,787,0
7082,-26.80819,-65.26264,285,0
1431,-31.583294,-68.534951,92,0
1986,-45.92398,-67.55779,692,0
6811,-34.545332,-58.501432,88,0
6475,-34.79938,-58.326628,430,0
7398,-30.21119,-61.87258,733,0
7730,-31.41341,-64.48544,902,0
9036,-31.552025,-68.515219,728,0
4245,-31.42448,-64.49503,751,0
9801,-31.806819,-59.029606,490,0
3465,-33.241591,-60.316289,852,0
8410,-34.67936,-58.5497,745,0
8789,-38.060887,-57.571175,758,0
1214,-40.80355,-65.08124,200,0
8059,-35.035566,-63.012519,528,0
8660,-34.896373,-57.941257,801,0
7786,-35.629154,-59.782673,728,0
10651,-31.791138,-64.50729,280,0
798,-34.69905,-58.38049,733,0
1553,-33.04595,-61.1661,725,0
10342,-33.263493,-66.229331,376,0
3060,-35.49021,-62.99674,742,0
2178,-33.73298,-61.76995,202,0
8941,-31.73914,-60.50814,8,0
4043,-31.73914,-60.50814,656,0
2491,-34.647542,-58.48684,404,0
11042,-31.407573,-58.086442,136,0
8957,-34.666761,-58.599058,1020,0
6385,-32.8658,-68.83253,787,0
8661,-32.999937,-68.906411,819,0
6949,-32.71683,-68.67929,1148,0
6293,-31.390998,-58.035661,120,0
6652,-34.664921,-68.356805,366,0
2426,-34.6815,-58.51289,791,0
9795,-31.001127,-64.505718,546,0
8698,-31.107046,-64.48342,94,0
9516,-31.247086,-64.467637,650,0
9218,-35.233288,-63.606735,190,0
8176,-35.035227,-63.004949,537,0
8693,-34.78054,-63.0013,537,0
2678,-34.55629,-58.48091,970,0
7820,-34.60393,-58.40905,996,0
2443,-33.36364,-69.14329,778,0
11013,-34.725687,-58.258344,26,0
6119,-34.725687,-58.258344,4,0
1371,-25.2888,-57.72405,1182,0
1723,-32.15681,-58.40859,1080,0
1742,-34.742161,-58.607624,1225,0
2142,-38.74118,-60.60864,78,0
5342,-38.13145,-61.80006,746,0
641,-31.4235,-63.05029,741,0
642,-31.40183,-62.96028,737,0
636,-35.04881,-58.09263,751,0
4210,-35.1489,-65.946126,284,0
9938,-34.80524,-58.20635,598,0
2759,-33.11597,-66.06497,720,0
8901,-26.192318,-58.22506,712,0
8765,-25.29338,-57.7251,208,0
9481,-26.150503,-58.158182,568,0
8751,-26.19595,-58.17933,8,0
10191,-32.862421,-61.149734,296,0
4740,-33.69357,-59.64907,383,0
4837,-28.350275,-59.264148,374,0
6858,-30.03971,-57.76774,1046,0
8116,-29.46889,-60.21131,80,0
6823,-29.880206,-61.932688,848,0
7189,-29.465609,-60.211078,40,0
7170,-29.36023,-59.9724,80,0
7342,-36.42811,-61.42492,742,0
7917,-42.74205,-65.1138,732,0
8071,-36.027072,-59.083681,592,0
155,-34.10649,-59.02958,727,0
6288,-32.32675,-61.63567,718,0
6473,-34.457973,-58.63821,1041,0
6757,-31.74286,-60.52094,943,0
10130,-31.85042,-59.02755,266,0
4879,-41.24545,-68.69602,714,0
1268,-30.36429,-60.39743,733,0
4003,-31.60569,-60.71262,272,0
4325,-36.413904,-60.680056,103,0
8561,-36.93393,-60.16303,742,0
8563,-36.8773,-60.14396,734,0
8472,-36.889215,-60.287366,742,0
10138,-31.393438,-64.270178,619,0
10127,-31.437377,-64.326381,632,0
6459,-45.86224,-67.47497,646,0
4097,-38.031169,-57.575518,988,0
